id_1,id_2
1,6829
1,16590
1,20135
1,8894
1,7136
1,2812
1,15026
1,5228
1,9934
2,22304
2,5857
3,19753
4,11446
4,16203
4,2004
4,1443
4,2983
4,6823
4,17242
4,10018
4,1882
4,6329
4,4738
4,16972
4,8514
4,1997
4,2732
5,8288
5,9206
5,21768
5,15735
5,21755
5,14111
5,18497
6,22403
6,12645
6,15644
7,3305
10,11332
10,13511
12,21430
13,7431
13,11209
14,6037
14,3848
14,18512
14,19837
14,8002
14,21323
14,1187
14,13511
14,14666
14,21157
14,10182
14,2684
14,11332
14,18216
14,20655
14,7301
14,2327
14,11315
14,18858
15,353
16,10134
17,2417
18,9220
18,14497
18,16615
18,16071
18,10611
18,20938
18,17984
19,330
19,10681
19,701
19,15172
7427,6173
7427,12609
7427,4064
7427,8038
7427,2416
7427,10126
7427,436
7427,9151
7427,13530
22,6540
22,7470
22,897
22,15368
22,7781
22,21221
22,481
23,6763
24,11345
26,7139
26,8149
26,18949
27,3586
27,4857
11197,21662
29,20829
29,17088
30,17983
31,12972
31,18727
31,17090
31,13783
31,17350
31,12542
31,5049
32,1703
32,18703
32,9839
32,9248
32,4858
32,8531
32,14790
32,7347
32,10757
32,9849
32,19700
32,120
32,10496
32,19509
33,15191
33,22181
34,14650
37,3270
37,18153
37,14409
37,8788
37,7460
38,783
39,18217
39,4133
39,14454
39,10670
39,3864
39,16885
40,20152
40,12062
41,14796
41,1200
41,19010
41,4882
41,922
41,13584
41,5739
41,12067
42,8050
43,4518
43,1273
43,19101
43,13415
44,3103
44,2532
44,1126
44,21681
44,19964
44,13140
44,4077
44,7919
44,12745
44,6398
44,9567
44,11473
44,17591
44,3981
44,21087
44,5317
44,7606
45,19307
45,1713
45,21536
46,15553
47,5207
47,12516
49,4809
49,8911
49,6674
49,17284
49,13853
49,21955
49,701
49,17983
49,5362
49,21105
50,14031
50,12993
50,9379
50,19388
50,21729
52,12715
52,12546
55,21270
55,2348
55,22352
55,21544
56,9642
56,4305
56,3695
57,12204
57,5561
57,6213
57,15940
57,16561
60,21713
60,18893
60,290
60,3300
60,4425
61,22276
61,8357
61,7200
61,16332
61,7316
61,5126
61,11728
61,15088
61,14790
61,3076
61,6488
61,12572
61,16797
61,20103
61,18502
61,13462
61,15433
61,21751
61,20105
61,3148
61,9559
61,348
61,21951
61,9921
61,9880
61,3213
61,19157
61,21594
61,12556
61,4604
61,5220
61,2252
8677,20924
8677,4190
8677,21055
8677,6041
8677,6720
8677,326
8677,16291
8677,17247
65,11230
65,8245
65,3047
65,17566
66,21572
66,2216
67,16676
67,10932
68,366
69,13610
69,19031
70,16034
70,20582
70,20923
70,10152
70,924
72,1901
72,21229
72,14205
72,13015
72,10701
73,239
73,20617
73,10904
73,6050
74,9039
74,6920
74,8452
74,3731
74,3487
14854,4903
77,9603
77,16960
77,14650
77,9176
77,21120
79,410
79,13675
79,10974
80,16636
81,6766
81,13464
81,13157
81,486
81,5188
81,5778
81,8852
81,3199
81,20927
81,3204
81,17536
81,21178
81,15394
81,11643
81,22245
81,12095
81,13550
82,1142
82,17914
83,16688
83,15090
85,9982
85,1586
86,7184
88,7550
88,10308
88,18015
88,19743
88,1047
88,679
88,20653
88,10066
88,19795
88,15785
88,8519
88,16186
88,17370
89,543
90,3735
90,6171
90,11260
90,15236
90,19135
90,16560
90,20909
91,5557
91,5410
91,1660
92,1225
7437,9978
7437,12240
7437,10264
94,8606
94,1372
94,1047
94,19743
94,18825
95,1181
95,9869
95,17804
95,16514
95,3290
95,8169
95,10953
95,4084
95,1401
95,9566
95,20478
95,22317
95,9045
95,1689
96,8500
97,18356
98,16155
98,729
98,9284
22374,1901
22374,3502
22374,5458
22374,22171
22374,14031
22374,6409
22374,19347
22374,4499
22374,15110
22374,21729
22374,6481
22374,12740
22374,16741
22374,20951
22374,17299
22374,20047
22374,1372
22374,15749
22374,12452
99,2466
99,3791
99,13175
99,2051
99,14308
99,9164
99,9843
99,8574
100,15008
100,4420
101,8803
101,3241
101,21236
101,10849
101,5858
101,7919
101,1618
101,20516
101,17591
101,1517
101,15416
101,20083
101,8795
102,21891
102,17882
102,8842
102,10539
103,3291
103,11310
103,10174
103,20045
103,20820
103,12062
104,589
104,6612
104,14260
104,4323
104,17350
104,10458
104,16625
104,19677
104,15103
105,11880
105,11655
106,8985
106,5785
106,7867
106,187
106,16112
106,6823
106,11507
106,7602
106,9263
106,16181
106,6914
106,2282
106,4967
106,9144
106,8434
107,467
108,469
109,3238
109,19470
109,6233
109,5735
109,13073
109,21102
109,21931
110,3735
110,18565
110,3731
111,1302
113,6603
113,4152
113,10843
113,20314
113,19735
113,4300
113,18002
114,3563
114,11228
114,18012
114,364
115,12303
115,15339
117,21767
22282,5339
119,4212
119,11718
120,4633
120,14248
120,3902
120,7041
120,14790
121,10285
121,15643
123,19483
123,10379
123,14245
123,343
123,2496
123,6189
123,2822
123,17296
123,14895
124,16812
125,11147
126,5857
126,1533
126,12401
126,22304
126,21888
126,21275
126,13205
126,13233
126,8495
127,18545
127,10749
127,917
127,14561
127,6980
127,14777
127,8883
127,3521
127,9126
127,3911
127,21729
127,11892
127,6441
127,3896
127,10701
127,3757
127,16977
128,4930
128,10234
128,7969
128,1156
128,641
128,17392
129,13515
129,9174
129,12321
129,1339
129,10224
129,4357
129,17983
130,14181
130,9053
130,8519
130,10379
130,14192
131,306
133,14685
133,9074
133,5325
133,19757
133,6107
133,21033
133,17099
133,6137
133,19289
133,5093
134,11500
134,15616
134,22124
134,18408
134,13893
828,8641
828,11890
136,5187
14864,160
14864,9620
138,51
140,19447
141,1211
141,16754
142,2080
142,9602
143,19777
144,14267
144,8840
145,7646
145,15947
145,15321
145,18819
145,3465
147,1658
147,11187
147,5339
148,11846
148,3066
149,7781
149,19748
150,7735
150,14495
150,17622
150,14829
151,526
151,3212
151,10540
152,5156
152,22428
152,11686
153,19372
153,18921
153,3906
154,3457
154,701
7447,16543
156,11719
156,5122
157,11213
157,19492
157,5183
157,7164
157,21254
157,13875
157,21213
157,10947
157,3630
157,12332
157,8367
157,18906
157,20291
965,20217
965,12790
159,11323
159,9677
159,10799
159,15174
159,9294
159,9125
159,7325
159,19777
159,11289
159,4502
159,16895
160,4141
160,18717
163,822
163,7968
163,8392
163,18872
164,421
165,19973
165,9729
165,8054
165,3131
165,21605
166,18121
1019,21489
1019,14596
1019,14804
169,20481
170,18717
171,8302
172,3496
173,20888
173,17216
173,6677
173,12495
173,14400
173,10439
173,21764
173,7383
173,12461
173,10783
173,22052
173,522
174,11539
174,18405
176,3694
176,6358
176,6820
176,13657
176,17130
176,10481
176,2625
176,13102
176,3956
176,6230
176,17190
176,3934
176,16529
178,5351
179,13359
180,3032
180,5332
180,18488
180,18944
180,6502
182,20210
183,15195
183,11794
183,14173
184,21661
185,12078
186,1168
186,7375
186,20820
186,14942
186,16065
186,18804
186,5801
186,14147
186,13142
186,9268
186,19370
186,11874
187,17639
187,5231
187,10562
187,2983
187,17121
187,1691
187,6207
187,11036
187,4211
187,17065
187,9263
187,6914
187,12872
187,16277
187,2208
187,2282
187,17509
187,3676
187,8395
187,20876
187,7983
187,17516
187,12965
187,7374
187,2058
187,19119
187,5942
187,19368
187,10978
187,20837
187,1882
187,7867
187,21631
187,12457
187,18992
187,21771
187,14760
187,8514
187,10648
187,4109
188,1273
190,8708
190,18177
191,14136
191,12140
191,16814
191,1834
191,6528
191,13750
191,4072
191,18201
191,14118
193,14383
35,7087
195,18087
195,14259
196,11166
196,12039
196,10553
196,3678
196,18126
196,4483
196,7750
197,14031
197,11721
197,14875
197,14341
197,10702
197,20252
197,19347
197,2186
197,22008
197,21729
197,6993
197,3867
197,21013
197,10781
197,12598
197,12621
197,9356
197,6750
197,6175
197,5361
197,9910
197,4873
197,11231
197,21838
197,17780
197,17221
197,7460
197,16560
197,2595
197,15481
197,13576
197,6441
197,12269
197,12993
197,3630
198,14041
198,10249
198,16693
198,2365
199,16844
199,5153
199,21955
199,15917
200,15703
201,20070
201,7048
203,19139
203,13825
203,212
203,6164
203,14257
203,12001
203,1582
204,17595
205,11152
205,789
205,17512
205,22331
205,13630
206,17833
206,12869
206,16557
206,4711
206,13003
206,7677
207,14458
207,8072
209,7150
210,1193
210,20217
210,9273
212,8095
212,18056
212,2976
212,2344
212,20841
212,3156
212,2664
212,12075
212,10960
212,9915
212,1236
212,21592
212,12786
212,4819
212,21211
212,2286
212,21043
212,8568
212,1422
212,12001
212,20108
212,12730
212,837
212,8329
212,3466
212,12894
212,15182
212,12739
212,15547
212,8956
212,14580
212,19489
212,9181
212,15714
212,8099
212,16091
212,20046
212,8975
212,2482
212,20158
213,1744
213,11507
213,6113
213,7235
213,501
214,4331
214,1244
214,20159
214,20695
215,19934
215,19384
215,14790
216,3638
216,14471
216,17340
216,21937
216,17056
216,13866
216,16086
216,6049
216,9363
216,7357
216,22065
216,3160
216,4191
216,16001
7460,11804
7460,13435
7460,21629
7460,13602
7460,13316
7460,4453
7460,21192
7460,18537
7460,6562
7460,15076
7460,7694
7460,13149
7460,1387
7460,7026
7460,18704
7460,9784
7460,6422
7460,1617
7460,21013
7460,14768
7460,18939
7460,13487
7460,21085
7460,2078
7460,8879
7460,17848
7460,2759
7460,15980
7460,9087
7460,22421
218,18541
218,10582
218,9606
218,2757
218,10331
218,11077
218,4393
219,3679
219,5587
220,217
221,11189
222,1912
222,18086
223,11842
224,16120
224,4219
224,20667
224,20810
224,12677
227,12264
227,9677
227,5422
227,493
227,6447
227,11371
227,2325
227,2618
227,6261
227,20694
227,7367
227,5086
227,11755
228,10002
228,1654
228,14497
229,7049
229,16932
229,16214
229,13946
229,6695
230,17340
230,22100
230,21491
230,3982
230,19891
230,9363
230,22110
230,16805
231,920
233,3576
233,9938
233,1211
233,19495
234,21373
234,21272
234,21035
234,10076
234,7892
234,17438
234,22450
234,20180
236,16270
236,19714
236,5776
236,12881
238,1078
238,7364
238,710
238,12851
238,13294
238,21242
238,21341
238,18856
238,11732
238,8508
238,8874
238,6552
238,21120
238,14623
238,10783
238,6802
238,17598
238,6926
239,21197
239,17237
1439,14393
1439,13735
1439,18196
11222,11627
242,13989
242,3996
242,5988
243,17031
244,6358
244,18612
245,6213
246,12199
246,10443
246,5967
246,5900
246,10049
246,14503
246,14435
246,4767
246,1872
246,10976
246,18819
246,1599
247,6763
247,5199
247,6190
247,17405
248,8188
248,1052
248,17951
248,11254
248,2740
248,12601
248,13027
250,519
250,1175
250,250
253,378
254,8456
254,17384
254,3735
254,15963
254,15076
254,1123
256,22109
256,13294
257,2575
257,1459
257,16232
257,17685
257,14168
258,6663
260,19197
262,6043
262,4608
7466,13540
7466,11791
7466,18707
265,12795
266,3389
267,22048
267,21190
267,11333
267,11357
268,3199
268,2232
268,10744
269,7280
270,12464
270,9294
270,18906
270,15076
10057,10095
10057,13783
10057,17350
10057,5570
10057,4840
10057,20756
10057,12416
274,18928
275,2390
276,19919
277,7924
277,17544
277,21254
277,11280
277,13297
277,4437
278,17392
279,10890
280,1274
280,19626
280,12285
280,10210
280,19557
280,8535
280,13608
281,1642
281,11447
281,5950
282,11264
283,13667
283,2134
283,6533
283,14239
283,2131
284,4021
285,2636
285,9134
285,15470
285,13033
285,3541
285,6231
285,20159
285,1244
285,22094
287,20489
287,516
287,4086
287,871
287,20863
287,9514
289,1553
289,6566
289,687
289,20138
290,5777
290,18190
290,4542
290,15512
290,10673
290,10386
290,729
290,15524
290,4569
290,19646
290,16455
290,11769
290,562
290,12424
290,12645
290,15199
290,20019
290,11410
290,8068
290,10370
290,1282
290,6886
290,10399
290,17038
290,15934
290,6899
290,21646
290,8130
290,17048
290,2023
290,4484
290,20950
290,3084
290,15658
290,3868
290,6813
290,12186
290,2585
290,4000
290,14743
290,11768
290,1193
290,5207
290,12036
290,12037
290,18893
290,16052
290,6058
290,18534
290,22261
290,16478
292,18320
292,13279
296,15114
296,6600
296,16258
296,5469
296,17007
296,8961
296,7735
296,3839
296,11389
296,1959
296,12761
296,560
297,1402
297,18349
297,10044
298,17459
298,7067
298,10600
298,6391
18717,17080
18718,16399
18718,2280
4264,3121
4264,11488
302,4072
302,16814
302,1483
303,4729
303,17062
304,19781
304,16463
304,6795
304,8168
304,5335
304,5600
304,15784
304,17037
304,2518
304,18945
304,15652
304,2040
304,22062
304,4473
304,12047
304,4397
305,15603
305,19919
305,15562
305,16688
305,4938
305,15073
305,17633
305,3252
305,17907
305,6735
306,16222
306,3577
306,10663
306,12564
306,22196
306,9395
306,22338
307,5981
307,13186
307,7749
307,12098
307,9373
307,3113
307,14271
307,21645
307,9241
307,5496
307,14746
307,16155
307,11162
307,7216
307,21375
307,1282
307,16755
307,7558
307,2824
308,16948
308,18819
309,2018
309,1466
309,17909
309,19499
14896,21536
14896,12139
311,7409
311,4325
311,17779
313,15035
315,22094
316,3873
317,572
318,9280
318,6386
318,2837
318,914
318,16645
319,20489
319,19183
319,11996
7475,12288
7475,9761
7475,10047
7475,7833
7475,6202
7475,19691
7475,13690
7475,1917
7475,9262
7475,21671
321,9816
321,10043
321,9368
321,7570
321,9255
321,7050
321,7816
321,1037
321,2680
321,10500
321,1763
321,6646
321,9149
321,16052
322,3070
323,14031
323,10208
323,2997
323,7138
323,21895
323,17621
323,3382
323,19556
325,999
325,19233
325,14486
325,8257
325,18652
325,2809
325,21155
325,16846
325,15688
325,12375
325,6142
325,16406
325,3975
325,18079
325,2323
325,19979
325,701
326,19654
326,463
326,8709
326,3094
326,3677
326,11650
326,6625
326,5658
326,22166
328,6065
328,17729
329,2142
329,339
329,13260
330,12899
330,11332
330,1230
332,5049
333,16109
333,2783
333,13597
333,3955
334,5503
334,18819
334,11719
334,19776
334,4720
334,3767
335,14821
335,17762
335,5829
335,10861
335,16319
336,9657
337,1330
337,20153
337,3382
337,17884
337,10707
337,19757
337,17694
337,9430
338,1914
338,8606
338,13709
338,15721
338,5361
339,11804
339,8139
339,12098
339,15283
339,20067
339,9919
339,3024
339,12176
339,4516
339,1639
339,8883
340,3847
341,12039
341,4071
341,13929
341,15008
341,17404
342,7845
342,7239
342,6030
342,4357
343,375
343,11125
343,3865
343,22037
343,14344
343,6490
343,7351
343,19890
343,14280
343,17426
343,7289
343,21729
344,22188
344,25
345,4071
346,859
346,3894
346,8918
346,6729
346,829
346,15044
347,916
347,19493
347,590
347,21787
347,4064
347,2416
347,4246
347,18828
347,4045
349,2597
349,7878
349,9665
349,9202
349,1059
350,7852
350,19757
350,15223
350,2684
350,14778
350,12017
350,58
350,2444
350,15114
350,18906
350,4906
350,20291
350,17578
351,15308
351,20819
351,22259
351,11547
351,9202
351,19428
351,14611
352,19270
352,2400
352,7250
353,8119
355,11627
355,11509
356,3066
356,9761
356,9339
356,20483
356,3173
356,11472
356,7721
356,21736
356,13649
356,11231
356,20010
356,11846
356,19929
356,12654
356,6686
356,18527
356,18074
356,3053
356,11266
356,14204
358,11036
359,1300
360,6357
361,9485
361,9744
361,9227
361,20163
361,12695
361,21110
361,18201
361,21713
362,21491
362,21907
362,4871
362,16086
362,4687
11244,19086
11244,6160
11244,2442
11244,14597
11244,18645
11244,6383
11244,14659
11244,5432
11244,19027
11244,7247
11244,5710
11244,2284
11244,18216
11244,4486
11244,8316
11244,1245
11244,13634
11244,16978
11244,16194
11244,4399
11244,6045
11244,19573
11244,11074
11244,3374
11244,15052
11244,2404
11244,4855
11244,21231
11244,15951
11244,1745
364,1293
364,12057
364,3415
364,8153
364,4891
364,11228
364,5054
364,2109
364,14530
364,14032
364,8132
364,3622
364,21577
364,11053
364,9505
364,14293
364,8318
364,5991
364,3357
364,5628
364,16895
364,5272
364,15612
364,14827
364,14385
364,16079
364,17089
364,17787
364,6805
364,1705
364,18729
364,20995
364,17798
364,9659
364,19496
364,11369
364,15134
364,7060
364,16485
364,17813
364,21338
364,12086
364,14103
364,19779
365,9580
365,11964
365,2335
365,12889
365,8095
365,572
365,13695
365,4893
365,9918
365,11776
365,20086
365,20677
365,21592
365,1270
365,11986
365,15553
365,10784
365,20036
365,11003
365,14219
365,12463
365,11611
365,22342
366,13729
367,13555
367,2337
367,20900
367,12833
367,4265
367,13791
367,14169
367,14622
367,4760
367,19658
368,1387
368,1025
368,16746
368,3073
368,1959
368,5212
369,14770
369,5503
369,2278
369,7860
369,21721
369,16639
369,20337
369,20811
369,7111
369,10814
369,6555
369,12783
369,11719
369,5257
369,7549
369,11946
369,10968
369,18773
369,8351
370,8849
370,4141
370,19727
370,12162
370,22392
370,21420
370,9021
371,1535
371,9160
371,9817
371,17198
371,13327
375,9367
375,4147
375,19743
375,1390
375,8540
375,14928
375,20513
375,21708
375,19890
375,7828
375,19501
375,10593
375,2822
375,5318
376,2478
376,19343
376,14445
1042,17126
1042,14077
377,19562
377,6441
377,14497
377,18655
377,5650
377,15490
377,2596
377,8301
377,15236
377,17402
378,783
378,5383
379,22288
380,10359
380,16863
380,19892
382,9759
382,7134
382,12831
382,7108
382,7722
382,3094
382,16291
383,5183
383,14718
383,20646
383,21371
383,496
383,6175
383,16188
383,18972
383,5518
383,20969
385,11604
386,9620
386,13439
387,18488
387,22388
388,19581
389,1923
389,398
390,21299
391,6686
391,7502
391,21787
391,15760
391,3821
391,9774
391,1063
391,5951
391,2594
391,9151
392,4694
392,866
392,17070
392,16593
392,14502
392,12898
393,11587
393,8119
394,13036
394,6252
394,21705
395,15035
395,1840
395,16900
395,1387
395,7945
395,13039
395,14862
395,3726
395,4694
395,7024
396,18427
396,5913
397,11700
398,13536
399,18428
401,6261
401,3399
402,8191
402,3131
402,8012
402,11348
402,18171
402,16948
402,14652
402,18766
402,20375
402,18517
402,20118
402,8893
402,19776
402,8993
403,5123
403,9485
403,5945
403,19176
403,8091
403,15645
404,12437
21850,987
21850,9779
21850,20004
21850,18462
405,715
405,11804
405,12098
405,2245
405,14671
405,4516
405,18966
405,13428
405,1654
405,16295
406,1744
406,20838
406,19703
406,3526
406,5388
406,2280
406,13537
406,16793
406,7784
406,15263
406,7602
406,6573
406,2732
406,15035
406,11102
406,7195
406,13216
406,10008
406,1785
406,7716
406,14476
406,3713
406,16193
406,6952
406,18673
406,17939
406,4253
406,13122
406,701
406,4341
406,18887
406,14502
406,17377
406,1279
406,18086
407,1601
407,17924
407,17056
407,17386
407,12682
407,613
407,15914
407,8485
407,6677
407,9727
407,15206
407,7166
407,21208
407,9603
407,21388
407,9786
407,22448
407,13897
407,13294
407,18214
407,21120
407,15314
407,14348
410,19026
410,11137
410,19525
410,18167
410,2864
410,17591
410,4118
410,19268
410,1517
411,21862
412,17340
412,21684
412,7357
412,16111
412,18819
412,15928
413,2385
414,17908
414,5150
14908,21683
14908,11602
14908,18866
14908,16887
14908,19556
417,7400
417,14262
417,738
417,873
417,20334
417,7992
417,16133
420,7468
420,12781
420,8043
420,2021
420,20678
421,12866
421,19148
421,9162
421,918
11253,12940
11253,17275
11253,8477
11253,15897
11253,15308
11253,19174
11253,14099
11253,15246
423,14830
423,21861
424,8117
425,5509
425,16131
425,10917
426,2460
426,20067
426,18553
2531,11166
2531,8691
2531,478
430,2167
430,9084
430,8186
431,10303
432,5212
432,12677
435,12472
436,5212
436,18448
436,19691
436,4897
436,14249
436,5176
436,4249
436,10208
437,11630
437,17071
438,8239
439,17683
439,11964
439,11448
439,8664
440,6472
440,21741
440,20836
442,5289
442,3070
444,7212
9968,1733
9968,19702
9968,13899
9968,18015
9968,14502
9968,3520
9968,11209
9968,11557
9968,8453
9968,11231
9968,21810
9968,20510
9968,22208
9968,11315
9968,2378
9968,15018
9968,15283
9968,10988
9968,4938
9968,2058
9968,16337
9968,3390
9968,15649
9968,15745
9968,17633
9968,19757
9968,13252
9968,14682
446,17823
447,2925
447,1468
447,1391
449,7910
449,11302
449,6477
450,1491
451,1429
452,6344
452,8048
452,10222
452,12091
454,14003
456,2507
456,16027
457,8222
457,1035
11258,1440
11258,11370
459,16254
463,4645
463,12495
464,4048
464,15172
464,19190
466,20129
466,15657
466,22141
467,9617
467,16891
469,20723
469,4185
469,6815
470,9564
470,4472
470,12804
470,9739
470,5245
474,14186
11263,7233
477,9618
477,3788
478,16028
478,1960
478,11266
478,3563
478,22041
478,21599
478,4843
478,3451
478,12443
478,12698
478,1849
478,2328
478,16153
478,20444
478,3678
478,5975
478,17423
478,17930
479,6694
479,15183
480,15354
480,11521
481,17567
481,20236
481,12302
481,7781
481,18112
481,15690
481,4132
481,4568
481,17951
481,13119
481,3645
481,10705
481,15381
481,19155
481,20901
481,4257
481,8266
481,10466
481,22063
481,19947
481,10475
481,4926
2875,11980
2875,2640
2875,1749
2875,13001
2875,1339
2875,8178
2875,19684
2875,4176
484,15840
484,9992
484,11136
485,18819
486,5778
486,6766
486,8558
486,8713
486,17030
486,559
486,2312
487,7921
487,2306
487,19270
487,22251
487,14290
489,10668
489,11750
490,9555
490,17172
491,14668
493,6784
494,17340
494,10995
494,21907
494,17056
494,9554
494,21491
494,6049
494,14350
494,17437
494,1224
495,6340
495,19261
495,11327
495,1465
495,21182
495,12592
495,12837
495,17969
495,1699
495,17523
496,8387
496,6473
496,7320
496,3867
496,1588
496,13291
496,20153
496,13634
496,6175
496,5458
496,14906
496,18677
496,2841
496,5828
496,3382
496,7017
496,12150
496,22357
496,18448
496,12458
496,12459
496,1114
496,11797
496,16432
496,961
496,21277
496,14838
496,11280
496,19710
496,20758
496,4456
496,16355
496,10578
496,17051
496,18266
496,22171
496,14156
496,13906
496,9827
496,19885
496,2570
496,14388
496,19759
496,5382
496,11158
496,16741
496,19757
496,15481
496,5064
496,5212
496,614
496,7951
496,6961
496,4689
496,7138
496,9939
496,19938
496,10426
497,4775
497,19396
497,2190
497,9785
497,12204
497,1213
497,701
498,8763
499,14793
501,10843
501,14502
501,16282
501,18086
502,13667
502,2134
502,6653
504,15992
504,14142
504,2617
504,1064
505,5428
505,1694
507,5070
507,14593
507,1603
507,17703
507,9891
507,10588
507,3774
507,6206
507,4716
507,20386
507,5295
508,18446
508,21120
508,20722
509,9003
509,22186
510,6318
510,13134
510,17994
510,20510
510,16972
510,6603
510,9671
510,19133
511,8153
511,3287
511,8572
511,14650
511,9987
512,17905
512,10881
512,19392
512,20906
513,10606
513,2112
513,21942
513,14551
514,10770
514,16701
514,17988
514,15223
514,21254
514,12324
514,6600
514,15114
514,3630
514,2914
514,11976
514,10578
14926,20444
517,19443
517,15110
11270,19514
11270,18546
520,21053
522,18665
522,11541
522,7663
522,12851
522,22438
522,11128
522,21120
522,3722
522,11834
522,9807
522,8932
522,12143
522,10007
522,17598
522,18974
522,20214
522,10017
522,17535
522,16139
522,14439
523,12222
524,9319
525,15980
525,15301
525,11797
525,5509
525,21315
525,9118
526,14384
526,19617
526,4887
526,3840
526,3022
526,19946
526,15573
526,6987
527,4452
528,9363
528,16427
530,8139
531,20251
532,4177
532,13478
533,20623
533,10868
534,10439
536,9759
536,18289
536,9047
536,4540
536,8336
536,8715
536,22280
536,11118
536,22166
536,19780
3234,11757
3234,20361
538,21243
538,9797
19627,14038
19627,3615
539,10718
3259,15531
3259,14497
541,1626
541,7503
542,2434
542,16809
542,9863
3279,16071
3279,2224
3279,14497
544,15713
18766,20749
18766,12139
18766,14035
18766,9328
18766,9128
18766,1244
18766,16480
18766,15039
18766,17504
18766,8054
18766,19775
18766,18411
18766,11315
18766,18040
546,13508
546,6633
547,1747
548,15992
548,9878
548,15638
548,21300
548,3067
548,15299
548,5543
550,575
550,11228
550,1128
550,3379
550,13943
550,3019
550,11055
550,2554
550,19743
550,17787
550,14789
551,4735
551,2383
551,15636
551,18285
551,20033
551,16970
551,13382
551,22311
552,16975
553,2051
553,18058
554,12034
554,835
554,2492
554,1228
554,12235
554,9940
554,12776
554,8221
554,21729
555,17392
557,14650
559,6039
559,8558
559,8852
559,8713
559,14809
559,7967
559,17897
559,2232
559,21344
559,2312
560,1998
560,1959
560,3558
560,6600
560,17780
560,9848
560,13908
560,11389
560,1827
560,22460
560,18906
560,20291
561,599
562,17659
562,3300
562,18782
562,8304
562,15362
562,2374
563,11293
563,3519
563,7040
567,5458
567,11332
567,4042
567,21729
567,12740
567,5910
567,21033
567,18655
567,12017
567,22012
567,11315
567,19777
567,7467
568,3103
568,2532
568,18638
568,19964
568,839
568,16105
568,20168
568,2160
568,4917
568,11473
568,5165
568,18539
568,18624
568,1517
568,5010
568,5317
570,11405
571,11194
571,14506
571,10783
573,18800
575,3379
577,14712
578,10346
9768,15307
580,14040
582,11332
582,16213
582,13808
582,1119
582,2856
583,2734
583,22100
583,3160
583,9363
585,9047
585,6349
585,10439
585,15720
585,17247
585,7108
586,12333
586,19753
586,5826
586,11082
587,17295
588,9682
589,1408
589,5049
590,6777
591,11672
591,13502
592,18982
592,19347
592,4023
592,8879
592,6661
592,16869
592,1289
592,22164
592,22369
593,4423
593,8169
593,9330
593,13049
593,11560
593,1181
594,12463
594,1779
594,4819
595,5808
595,1949
595,20983
595,4414
595,2018
596,13028
597,17490
597,15454
597,746
599,3478
600,16938
600,2315
600,7860
600,19891
600,16001
600,13178
600,21491
600,7357
600,3070
600,17684
600,19776
601,18071
601,6016
601,8505
601,20528
602,13036
602,13809
603,12091
604,21713
604,9850
604,16291
606,22444
606,6956
606,3780
606,3914
608,21863
608,3081
608,4372
608,5948
608,3862
608,2897
609,7979
610,1674
610,16136
610,11342
612,3392
613,10416
613,10007
613,6936
613,10241
613,8299
613,10428
613,10122
613,8874
613,2081
613,21122
613,17510
613,11778
614,9949
614,14031
614,1387
614,11498
614,18054
614,17780
614,19063
614,10426
614,6218
614,14497
614,19989
614,6444
614,3839
614,9294
615,19581
615,22124
615,21214
615,2595
616,12177
617,9000
619,15494
619,1945
620,4518
620,15236
620,1944
620,10503
620,7791
620,17172
620,14109
620,8883
620,16869
621,15754
622,4754
622,6294
622,17209
622,21140
622,13272
622,933
622,4464
622,22417
622,16131
622,17327
622,18805
622,7966
622,19773
622,2655
622,20146
623,15594
623,11416
623,16678
22441,16809
624,20228
625,2365
626,6588
626,4235
631,11911
631,19874
631,16015
631,21610
631,7086
632,12783
632,22110
632,9562
632,18338
634,701
635,19573
635,13386
637,4988
637,4178
637,22081
638,9520
638,1366
639,20820
639,14649
640,4459
643,656
643,6196
643,19105
645,15787
645,15838
645,8363
645,9890
646,18948
646,4417
646,11233
646,19398
646,12252
646,7227
646,8589
647,6892
647,20036
647,9769
647,20571
647,8505
648,6941
648,2112
648,4085
649,5948
652,16543
652,6553
652,21774
652,10088
655,7799
655,3000
656,6695
656,5664
656,20603
656,7150
656,11316
657,21425
657,9069
657,4675
657,7982
657,17918
659,5580
659,12183
659,3705
659,7634
659,19844
660,9248
660,1694
660,19919
660,16688
660,17695
660,2280
660,7431
660,7602
660,20606
660,14862
660,17633
660,3009
660,1969
662,18460
663,6766
663,20932
663,8852
664,15276
664,9817
664,2110
664,18746
664,21926
664,11347
664,3484
664,6331
664,18678
664,20139
664,4283
664,12394
665,5846
665,15904
666,4825
666,9059
666,20493
666,12394
666,10344
666,21168
666,9342
666,18746
666,10785
666,13396
666,6581
668,6235
669,11903
669,16643
669,17991
669,2163
669,13557
670,17855
670,15718
672,8613
672,12145
672,13423
675,14005
675,9817
675,20801
675,11855
675,11571
675,18387
675,5977
675,13327
678,6640
679,917
679,20930
679,11401
679,13543
679,22328
679,18966
679,14561
679,6980
679,6160
679,2442
679,20343
679,11775
679,9714
679,9528
679,2981
679,10318
679,2420
679,3911
679,11289
679,2311
679,17726
679,20433
679,7961
679,22248
679,20276
679,20653
679,3996
679,15531
679,6806
681,17479
682,20489
682,8396
682,19447
682,2833
682,13423
682,18409
682,1184
682,13984
683,20660
684,5298
684,19113
684,18952
684,5040
684,14919
684,14373
684,14782
684,21175
685,12534
685,15934
685,17659
685,2710
686,22144
686,11536
686,12252
686,11212
687,20138
688,5128
688,15039
688,11224
688,5692
688,8188
688,7887
688,21841
688,6086
689,1618
690,11719
690,13294
690,21120
690,10783
690,22438
690,7822
691,10203
691,5449
692,21593
693,9846
694,14733
694,19499
694,16330
694,4227
694,14486
694,4378
694,2809
695,7272
695,15049
11301,14031
11301,2377
11301,9642
11301,20024
11301,2997
698,15766
699,13168
699,11545
700,18118
701,7602
701,8030
701,5943
701,15330
701,21023
701,12684
701,19787
701,21131
701,6065
701,22107
701,2474
701,12839
701,21054
701,21750
701,1442
701,12827
701,1449
701,7474
701,4958
701,21315
701,9156
701,4283
701,12500
701,11195
701,6735
701,10588
701,6407
701,8106
701,13042
701,14729
701,8727
701,20465
701,11892
701,9927
701,12022
701,16916
701,13751
701,18411
701,2732
701,8869
701,10636
701,17348
701,12757
701,18720
701,19778
701,22267
701,15142
701,13777
701,16949
701,7162
701,2749
701,15088
701,6130
701,16609
701,21570
701,18027
701,17999
701,13083
701,15300
701,12088
701,13122
701,12801
701,4064
701,1964
701,22338
701,7553
701,13166
701,18169
701,13879
701,19515
701,15236
701,7231
701,4122
701,6215
701,13025
701,3783
701,9488
701,15277
701,12866
701,14916
701,9741
701,18515
701,11500
701,14240
701,11507
701,8005
701,14243
701,10815
701,21348
701,16400
701,12203
701,13245
701,4203
701,19943
701,2047
701,8854
702,12424
702,6714
702,8277
702,10105
702,10672
704,12130
704,3606
706,17502
708,782
709,8251
709,20468
709,8028
709,14606
709,14783
709,3426
709,10861
709,8147
709,3828
709,4016
709,19496
709,10379
709,8929
709,3005
709,9579
709,5626
709,12995
709,6496
710,20744
710,14181
710,7817
710,15151
710,17455
710,8065
710,8120
710,1573
710,12500
710,4204
710,16960
710,8508
710,11128
710,3265
710,7015
710,17598
710,8067
710,741
710,7364
710,14411
710,18974
710,20214
710,12490
710,7926
710,19499
710,18085
710,8793
712,5618
712,1299
712,11988
712,14391
713,293
714,18521
714,20577
715,19792
715,3242
715,17402
715,17231
715,21212
715,21496
715,19135
715,16093
715,8389
715,8316
715,19190
715,6045
715,5458
715,3097
715,11332
715,15290
715,2596
715,19063
715,17791
715,14497
715,19837
715,3584
715,2078
715,4516
715,20047
715,9319
716,11712
717,13383
718,4368
718,20595
719,18767
720,14799
720,11003
720,4918
720,8856
720,14650
720,12308
720,3356
720,19707
721,3768
721,12874
721,2040
721,20248
721,8151
721,10778
721,7086
721,18207
721,5517
722,16052
723,20184
723,8735
724,10707
725,14186
725,11889
725,10566
728,16300
729,8286
729,6040
729,7570
729,7493
729,15676
729,9035
729,20470
729,18743
729,4806
729,20592
729,20265
729,16444
729,20128
729,12579
729,12646
729,15824
729,1368
730,6113
730,1694
730,12593
730,1443
730,11507
730,19803
730,2566
730,4419
730,1969
730,4211
730,9611
730,20046
730,4099
730,7945
730,15957
731,11003
734,19307
734,21536
738,7400
738,20192
738,8601
738,14850
738,18648
738,5678
738,873
738,2134
738,6653
738,20710
739,20513
739,16466
739,16770
739,2421
739,3845
739,5318
740,16760
741,12450
741,10241
741,16794
741,9176
741,2474
742,1585
742,7880
742,11494
743,16033
743,7710
743,12681
743,18484
743,5632
743,2695
743,17510
743,18494
744,16941
744,17312
744,12684
744,9225
744,6271
744,16005
744,7850
745,6499
745,3318
746,6499
746,4017
746,19192
746,17967
746,20524
746,18894
747,21549
748,11426
749,9304
750,10868
750,19694
750,10918
750,10535
750,3438
750,20557
750,11052
750,9640
750,19840
750,7576
750,19712
750,8127
750,10341
752,16982
752,21093
752,19599
752,7712
752,20252
752,18805
752,19347
752,14190
752,19823
753,5384
753,17642
753,14228
753,8325
753,7043
753,18661
753,15065
753,15419
753,21407
754,19086
754,16085
754,4560
754,18645
754,3077
754,6961
754,1209
754,983
754,7966
754,19992
754,1271
754,5622
754,14060
754,19649
754,8389
754,21496
754,9812
754,9371
754,22398
754,17783
754,11775
754,7456
754,19063
754,15159
754,16122
754,14497
754,1103
754,3679
754,15951
754,20922
754,7641
754,7793
754,4494
755,21890
755,2114
755,2180
755,3277
755,12299
755,10883
755,7798
755,16469
756,21229
757,19562
757,9220
757,21533
757,899
757,7467
757,16977
757,14624
758,5304
758,11939
758,980
758,2380
758,7586
759,10249
759,16693
760,12086
760,2613
760,7454
760,9547
760,8236
761,19341
761,18990
762,11340
762,9156
762,4819
763,5280
763,1195
764,4741
764,1093
765,22426
11316,9388
767,16895
767,15951
767,17783
767,11775
767,7361
767,14444
767,21241
767,16198
768,20883
768,2869
768,11223
768,1136
768,22066
768,15822
770,20276
770,19701
770,20080
770,12150
770,14723
770,14461
770,22112
770,11401
770,20700
770,20976
770,16470
770,3374
770,16895
770,11341
770,15300
770,2311
770,22248
770,10261
770,9319
770,8790
770,12353
770,1654
770,6806
773,8352
774,16212
774,4968
774,16611
774,4510
774,22292
775,16362
775,13098
4657,17889
4657,9450
781,21784
781,17490
781,2658
781,14880
781,14697
781,11899
781,21489
781,21790
781,22102
782,4763
783,3555
783,12636
783,10802
783,14205
783,13208
783,18253
783,19931
783,11409
783,18121
5241,12076
5241,4987
5241,8243
5241,13899
5241,7368
5241,15745
5241,1733
5241,8049
5241,19743
18800,19771
18800,6206
18800,20407
18800,22040
785,2597
785,8698
785,18173
785,20105
786,7514
789,9788
789,8396
789,20751
789,21273
789,15734
789,5544
789,16566
790,8417
790,21144
790,15990
791,21434
793,12470
793,13783
794,9677
794,2990
794,6011
794,12950
794,21489
794,15532
796,18694
797,14570
797,7923
797,14975
797,854
797,11955
797,11331
797,12686
797,2573
798,11563
798,6148
800,19037
800,19457
801,14861
802,6244
802,13960
802,9408
802,11296
802,1142
802,17079
802,19133
804,10035
804,20750
805,17489
806,8007
806,17283
806,15607
806,5665
807,8642
20219,6629
20219,6247
808,16447
808,18966
808,16085
808,10503
808,9319
808,17172
808,12469
809,1722
810,8665
811,8395
811,4211
811,15410
811,3676
811,4967
811,8910
811,7503
811,8413
14525,21760
813,8097
813,14228
813,8708
813,17812
813,14457
814,7225
814,8946
815,7726
815,14827
4887,3766
4887,20012
4887,3879
4887,19189
4887,19031
819,10879
820,4888
822,7968
822,7381
822,21120
822,18149
822,18872
822,10119
823,2472
823,21537
824,20193
824,13444
824,13990
824,17680
824,14464
827,1168
827,10981
827,15717
827,17262
827,19197
827,18295
827,3718
827,10174
827,1136
827,5000
827,13043
827,22321
135,12925
829,15044
829,16319
831,21882
831,17106
831,19906
831,14413
831,22254
833,7851
833,1455
833,11361
833,18642
833,14161
833,9861
833,7388
833,14762
833,20514
833,12334
833,8321
833,3826
833,15937
835,12502
835,20538
836,18087
836,8821
839,13140
839,4077
839,11248
839,6398
839,4527
839,9996
839,5925
839,17591
839,5010
839,7606
840,18128
840,22171
840,7310
840,15907
840,21277
840,18971
840,19870
840,19795
840,12500
840,10205
840,14049
840,21729
840,9934
840,19992
840,5379
840,7697
840,7066
840,6189
842,17685
845,955
845,17328
845,19386
848,2732
848,13731
848,16128
848,4152
848,10018
849,6943
851,10488
851,17148
852,1106
853,8321
854,12686
855,14650
858,22327
4048,11536
860,7257
862,17135
863,19556
863,19885
863,12071
5180,19332
5180,13916
865,4191
865,10186
865,17762
865,13932
865,8993
865,16442
865,10603
866,5312
867,18202
867,4041
868,3230
870,16463
870,7081
871,1485
871,8606
871,21985
871,21489
871,13441
871,10992
871,17866
871,22421
871,16727
873,4357
873,14262
875,12286
876,1269
878,13906
878,10025
878,15326
878,15694
878,8168
878,2518
878,17367
879,12432
881,20560
881,7362
882,8616
883,12507
1785,4003
1785,15098
1785,12762
1785,7789
1785,1105
5300,11302
5300,20243
886,21133
887,19343
887,1762
887,21529
888,22028
888,14795
888,1132
888,11149
888,1612
5354,1387
5354,14272
5354,15481
5354,766
5354,8519
5354,1372
5354,11062
5354,5212
890,6557
890,19953
891,2093
891,12078
891,6275
891,4583
891,1182
891,17898
891,20078
891,8609
891,11875
895,20634
896,16229
897,4106
897,6540
897,14467
897,20972
897,22381
897,21325
897,4794
897,2843
897,19144
897,6144
897,2567
897,18066
897,1619
897,11609
897,10633
897,2236
897,4670
897,5316
897,7525
897,10959
897,1189
897,17297
897,7265
897,20117
898,17349
899,16122
899,21533
899,14624
899,19743
899,4201
899,19992
899,16895
899,21729
900,7608
901,17116
901,12534
901,14343
901,11746
901,6626
902,12885
904,4192
904,4369
904,22234
904,20672
904,8715
904,16960
904,21713
904,5255
904,13294
904,19992
904,14635
904,5658
904,7362
904,10525
904,20644
904,18069
904,8846
904,15749
904,10603
904,19000
904,11801
904,20924
904,6041
904,20879
904,17216
904,20760
904,11118
904,21055
904,22013
904,18498
904,3632
904,10441
904,10864
904,22419
904,20982
904,11677
904,19451
904,14245
904,4016
904,2955
904,3498
905,7773
907,13750
907,17234
907,14136
907,4257
907,5156
907,15470
907,12004
908,21907
908,7663
908,18977
908,4011
909,5683
909,6199
909,6722
909,18471
909,2187
909,9882
909,6671
909,18886
909,21214
909,14553
909,21750
909,6158
909,4150
909,19573
909,4930
909,10711
909,13323
909,10805
909,21532
909,2514
909,1485
909,19762
909,3047
909,2860
909,18208
909,14532
909,19943
909,9940
909,18003
909,7142
909,18273
909,19938
911,8417
911,5428
914,2457
914,9975
915,7971
915,16957
915,15713
916,13309
916,6173
916,8057
916,11472
916,2416
916,15188
916,9594
8164,10771
8164,4457
8164,10892
8164,7536
8164,9621
8164,17132
917,13915
917,5896
917,14561
917,2596
917,2311
917,16787
917,21569
917,15300
917,20433
917,14497
917,19701
917,14461
917,3996
917,9319
917,14513
917,15953
917,21740
917,12842
917,6806
917,16895
917,14723
918,8531
918,5266
918,19148
919,16475
919,14597
919,11323
919,8139
919,1209
920,11742
921,21514
921,14855
922,11815
922,14796
922,17608
922,19307
11344,16305
11344,6617
11344,15976
927,5458
927,3735
927,22171
927,12098
927,3242
927,17299
927,19347
927,3115
927,15159
927,19870
927,6347
927,3158
927,16999
927,16438
927,20343
927,21838
927,20047
927,9235
929,9012
930,10500
930,9368
930,9816
930,7645
930,2113
930,9255
930,21556
930,19416
930,13966
930,16052
931,13336
933,19963
933,3890
933,2572
933,18805
934,5690
935,1827
935,19889
935,19536
935,6551
935,13938
935,20632
935,15114
935,4437
936,20948
936,2719
936,4011
936,14334
937,21570
937,4062
937,4283
937,21025
937,12394
937,20692
937,6581
937,20547
937,20414
5662,13098
942,10972
942,2493
942,5631
942,16760
943,7924
943,7735
943,20632
945,16072
945,12874
945,15965
945,20046
945,7422
945,5636
945,20510
945,11296
945,7894
945,6427
945,17336
945,19567
945,10528
945,12648
945,18207
945,13848
945,20997
945,11003
945,11424
945,20940
945,21438
945,10828
945,16015
945,2959
945,16668
4183,8348
4183,19578
946,7360
947,19485
948,4552
5733,1369
951,12089
952,15657
954,8157
954,18684
954,18052
954,17153
954,19567
954,16197
954,3029
955,14823
955,3095
955,11998
955,14650
955,21500
955,20498
955,13950
956,4536
956,3976
956,6833
957,13202
957,5383
957,11351
957,2301
957,995
959,7370
959,2690
959,10499
959,16472
959,19946
959,21561
959,20206
960,4188
960,17620
960,17804
960,1689
961,9074
961,12936
961,2442
961,14597
961,16071
961,8002
961,9220
961,1586
961,1209
961,8293
961,4399
961,17163
961,20892
961,11775
961,20024
961,1772
961,17545
961,19500
961,7467
961,21569
961,1123
961,19792
961,16509
961,14036
961,7412
961,14716
961,6222
961,16524
961,16175
961,15085
961,20276
961,21121
961,15615
961,18221
961,21496
961,3097
961,15283
961,10202
961,16194
961,3100
961,8473
961,5011
961,11432
961,21855
961,3805
961,2224
961,1007
961,13736
961,20976
961,11498
961,1053
961,18336
961,21729
961,6780
961,2596
961,2942
961,2404
961,11341
961,21856
961,11704
961,9939
961,8516
961,14659
961,9755
5806,12079
5806,6595
5806,2658
5806,2230
5806,7974
5806,14548
5806,16267
963,15986
158,14374
966,2570
966,20842
968,14078
968,21120
968,9065
969,2165
969,10998
969,5422
970,21299
7260,17250
7260,10068
972,20824
4975,20653
4975,5324
4975,7216
4975,20892
4975,1553
4975,4974
4975,2862
4975,7467
977,3805
977,20700
977,13694
977,19347
977,3909
977,7456
977,12937
977,21389
977,11003
977,20276
977,1713
977,10468
977,7644
977,1271
977,12464
977,12358
977,12452
977,2773
977,21729
11544,8573
11544,6197
11544,12144
11544,1741
11544,6822
11544,18207
11544,4477
11544,10778
11544,11992
11544,6571
11544,19329
11544,16210
11544,16124
11544,7937
981,14981
983,4795
983,2442
983,15963
983,4090
983,10666
983,7325
983,17384
983,10426
983,16175
983,15174
983,19645
983,14060
983,3097
983,15531
983,864
983,19573
983,16467
983,11498
983,11352
983,4225
983,15849
983,10104
983,5650
983,2942
983,4672
983,16122
983,14497
983,1278
983,8869
983,9318
983,3584
983,6361
983,7827
983,7641
983,1745
984,18339
984,7051
985,12429
986,4480
986,9891
986,17224
987,9574
987,12470
990,4563
990,14049
990,17022
990,21627
990,15663
992,4420
992,4071
992,2605
992,12039
992,4843
992,18126
992,16028
992,11266
992,7750
993,4534
994,272
994,2385
994,21830
995,18317
995,13202
995,3349
995,13294
997,8606
997,9910
997,13576
997,15969
997,5212
997,14213
997,21018
997,3073
997,22375
1000,14853
1000,4536
1000,10379
1000,10439
1000,7208
1001,5698
1001,1768
1001,9677
1001,7017
1003,8693
1003,5874
1004,1969
1004,15649
1004,7945
1004,4471
1004,6945
1004,4907
1005,15986
1006,6818
1007,10749
1007,9125
1007,14646
1007,1387
1007,5513
1007,10014
1007,9294
1007,9525
1007,8002
1007,11756
1007,6441
1007,14497
1007,17984
1007,12842
1007,6045
1007,8316
1007,15531
1007,10391
1007,9493
1008,1850
1008,5369
1008,20334
1009,1812
1009,2854
1011,7735
1011,20429
1011,12759
1011,8450
1011,12017
1012,10212
1012,2668
1012,2354
1012,20110
1012,9766
1012,9066
1015,21030
1015,5479
1016,10808
1017,15461
1017,14778
1017,1827
1017,5478
1017,2461
1017,5518
1017,18950
1017,10770
1017,7735
1017,18906
1017,15698
1017,2991
1017,16950
1018,15126
1018,11306
1018,11962
167,5345
167,8524
167,17370
167,7165
167,8049
167,7765
167,3650
167,17402
167,16524
1020,10630
1020,18028
1020,14942
1020,2868
1020,13656
1020,5559
1020,20152
1020,15929
1020,11339
1020,1231
1020,4208
1021,19891
1021,4197
1021,18355
1023,18277
1024,10886
1024,17252
1024,8751
1024,17833
1024,8531
1024,14832
1024,16557
1024,20983
1025,11363
1025,1387
1025,2341
1025,10707
1025,18512
1025,9379
1025,2272
1025,4379
1025,17051
1025,9430
1025,1195
1025,6441
1025,14538
1025,12403
1025,20650
1025,5361
1025,11867
1025,10598
1025,9356
1025,1068
1025,7198
1025,9910
1027,8654
1027,7591
1027,21036
1029,13253
1030,20354
1030,2687
1031,21565
1032,18196
1032,16885
1033,4764
1034,2138
1035,9174
1036,16880
1036,9138
1036,7426
1036,8329
1036,3783
1036,22370
1037,19512
1037,10657
1037,6634
1037,12587
1037,4954
1037,6991
1037,15003
1037,10500
1037,12615
1037,22171
1037,15208
1037,6580
1037,17248
1037,11577
1037,2557
1037,4405
1037,7816
1037,5473
1037,8675
1037,21860
1037,2764
1037,6185
1037,2610
1039,4301
1040,2747
1040,13593
1040,19513
1040,16635
1040,8669
1041,3499
1041,14181
1041,16590
1041,10912
1041,20844
1041,12305
1041,12548
1041,20024
1041,17866
1041,15481
1041,7961
1041,17891
1041,22171
1041,21703
1041,10379
1041,2647
1041,9934
1041,8700
1041,21588
1041,4786
6358,21946
6358,1627
6358,9990
6358,3861
6358,15867
6358,10469
6358,2625
6358,9471
11361,7851
11361,14812
11361,7388
11361,14161
11361,2476
1044,10911
1044,13443
1044,2881
1044,19673
1044,2114
1046,2543
1047,14181
1047,19795
1047,20246
1047,4899
1047,10393
1047,2019
1047,2275
1047,11043
1047,13899
1047,12249
1047,13264
1047,15177
1047,7289
1047,2131
1047,3679
1047,10792
1047,21940
1047,14562
1047,17460
1047,11341
1047,20035
1047,11332
1047,15745
1047,18553
1047,6189
1049,6666
1049,2580
1049,10528
1049,18692
1049,2744
1049,13020
1049,1094
1049,4995
1049,8745
1049,3678
1049,7442
1050,15061
1050,9063
1050,1366
6427,11379
6427,16072
6427,10072
6427,20826
6427,16688
6427,4152
6427,6390
6427,7892
6427,17194
6427,22450
6427,2902
1054,4655
1054,21955
1054,6388
1055,19220
11363,17821
11363,19137
11363,20750
11363,15969
11363,3073
11363,14661
11363,21998
11363,4991
11363,6648
11363,20646
11363,2416
11363,18454
11363,20758
11363,9151
1058,7615
1060,15260
1060,11170
1063,2416
1063,6980
1064,5037
1064,7745
1065,22027
1065,12167
1065,11857
1065,13293
1066,16082
1066,21375
1067,17033
1068,12962
1068,12204
1068,5078
6526,4493
6526,19479
1070,11657
1071,14109
1071,1921
1071,11004
1071,17258
1071,13426
1071,19649
1071,6780
1071,3889
1071,12464
1071,5910
1071,21033
1071,20764
1072,3760
1072,1996
1075,13314
1076,7422
1076,3870
1076,6318
1076,17994
1076,16337
1076,21144
1077,3300
1077,10105
1077,16052
1077,6886
1078,9160
1078,17455
1078,22080
1078,20342
1078,13213
1078,20295
1078,1573
1078,19877
1078,18105
1078,19111
1078,20682
1078,15788
1078,5443
1078,21120
1078,3722
1078,14815
1078,8932
1078,6926
1078,19660
1078,1169
1078,17056
1078,22229
1078,4943
1078,20214
1078,2518
1078,13854
1078,12143
1078,11005
1078,6552
1078,18903
1079,4057
1079,10411
1080,15667
1080,5811
1080,11275
1080,4849
1084,19792
1084,13228
1084,20892
1084,2981
1084,14605
1084,1586
1084,8869
1084,18168
1084,4560
1084,2874
1084,7641
1086,16527
1086,13138
1087,19377
1087,15849
1087,21473
1087,15012
1087,5212
1087,19432
1088,8505
1089,11140
1089,15644
1089,5028
1089,22403
1093,11673
1093,15841
1093,6746
1094,2580
1094,9188
1094,17523
1094,5285
1094,19836
1094,2744
1094,12898
1094,4907
1094,9261
1094,17633
1094,12831
1094,10439
1094,4270
1094,7442
1095,18516
1095,6966
1095,15471
1095,9811
1095,17630
1095,10994
1096,19380
1096,8248
1096,11864
1096,18125
1096,7302
1096,6951
1096,7108
1097,5513
1097,4179
1097,14513
1658,9367
1658,16564
1658,14629
1658,21344
1658,7745
1658,20481
1658,21928
1658,21318
1658,3262
1099,3758
1099,14305
1101,4470
1101,5258
1101,3194
1101,16892
1101,17190
1101,8537
1101,6128
1103,11341
1103,11644
1103,14497
1103,6162
1103,17402
1103,1946
1103,12464
1103,9241
1103,5650
1106,1808
1106,5668
1106,19179
1107,9319
1107,15871
1107,8883
1107,1123
1109,11793
1109,21576
1110,22056
1111,15906
1111,11200
1111,17860
1111,21110
1111,15645
1112,9203
1112,11323
1112,11443
1112,16895
5427,2387
1113,5456
1113,13388
1113,1529
1115,12068
1115,8991
1118,3012
1118,18952
1119,17549
1119,1226
1119,9691
1120,8447
1120,18028
1120,15605
1120,11958
1120,5303
1120,2352
1122,5233
1122,9495
1122,13098
1123,3499
1123,21068
1123,2981
1123,2209
1123,17956
1123,17726
1123,1761
1123,2284
1123,13104
1123,20917
1123,8387
1123,13835
1123,3911
1123,16093
1123,6875
1123,5112
1123,4097
1123,20047
1123,12464
1123,16558
1123,15756
1123,11804
1123,11376
1123,9677
1123,9871
1123,3334
1123,8624
1123,3077
1123,9525
1123,12175
1123,732
1123,11323
1123,19573
1123,20976
1123,2245
1123,9294
1123,17376
1123,8006
1123,20435
1123,19063
1123,3386
1123,17984
1123,8869
1123,12371
1123,2422
1123,11359
1124,8548
1124,2651
1124,19705
1124,15318
1124,9649
1125,9751
1125,9275
1125,17215
1126,19964
1126,13140
1126,16105
1126,4077
1126,1618
1126,22188
1126,3074
1126,6706
1126,5165
1126,13074
1126,18539
1126,18624
1126,1517
1126,21087
1126,7606
1127,10814
1127,3912
1127,2278
1127,9678
1127,18370
1127,9554
1127,9164
1127,3951
1127,3070
1127,22110
1127,17437
1127,9645
1127,15878
1128,6869
1128,11055
1129,8258
1129,13743
1130,11462
1130,6638
1131,3410
1131,9826
1131,20954
1132,10453
1132,18155
1132,17685
1133,4299
1134,17654
1135,1689
1136,10581
1136,20820
1136,8630
1136,3718
1136,12589
1136,14147
1136,11108
1136,20152
1136,13043
1137,9287
1140,7858
1141,20938
1141,15531
1141,1387
1141,7641
1141,11498
1141,14234
1142,3559
1143,12197
1143,9289
1145,12533
1145,20772
1146,11793
1146,16177
1146,18532
1146,14865
1146,10287
1146,20452
1147,14744
1147,18983
1148,1585
1148,22001
1148,11494
1148,10836
1148,17933
1150,18648
1150,4357
1150,4012
1150,17127
1150,11909
1151,20708
1151,5664
1151,11719
1151,22116
1152,12466
1153,6297
1153,9563
19607,3728
19607,20158
1156,2080
1156,19129
1157,11573
1159,18039
1159,4196
1159,11962
1161,21351
1161,12666
1161,16131
1164,8602
1164,18309
20582,16034
20582,21366
20582,3663
20582,9282
20582,20923
20582,19854
1168,2869
1168,22380
1168,11223
1168,1199
1168,17920
1169,20342
1169,3469
1169,14451
1169,22438
1169,6802
1171,5504
1173,10067
1175,15775
1175,22372
1175,18954
1176,17474
1176,13742
1177,3759
1179,4185
1179,15859
1179,21339
1179,7964
1181,1357
1181,11480
1181,4232
1181,13049
1181,18064
1181,6781
1181,20027
1181,16835
1181,19602
1181,10760
1181,17635
1181,19867
1182,5585
1182,7939
1182,18118
1182,17507
1182,21438
1182,7602
1183,11536
1184,8870
1184,19872
1184,5539
1184,11061
1184,4085
1185,3720
1185,7683
1187,10418
1187,4911
1188,4965
1189,17818
1189,5981
1189,20342
1189,19144
1189,18214
1189,2567
1189,21221
1190,16908
1190,5232
1190,15326
1191,20875
1192,14205
1192,12434
1193,13258
1193,9583
1193,6852
1193,7458
1193,7666
1193,9515
1193,16777
1193,4377
1193,13484
1193,2710
1193,14917
1193,20950
1193,10673
1193,4562
1193,17750
1193,12624
1193,17860
1193,12424
1193,1692
1193,14969
1193,14743
1193,4000
1193,17782
1193,17876
1193,16455
1193,22261
1193,8277
1193,6886
1193,13072
1194,9905
1194,9581
1194,17357
1194,5951
1195,1330
1195,9910
1195,20153
1195,6743
1195,10707
1195,4379
1196,16190
11382,9275
11382,6731
11382,8883
1199,18295
1199,10630
1199,8630
1199,22380
1199,22066
1200,14772
1200,20239
1203,20990
1203,10497
1204,16802
1205,19086
1205,1745
1205,16524
1205,9220
1205,7247
1205,18655
1205,9871
1205,19992
1205,12408
1205,12464
1205,4225
1205,3100
1205,9241
1206,11917
19427,11569
19427,20025
19427,11583
19427,19203
1207,10766
1207,5538
1207,18307
1208,9723
1209,9504
1209,11852
1209,4502
1209,17402
1209,9220
1209,14497
1209,2284
1209,8590
1209,6806
1211,3449
1211,19020
1211,4296
1212,16328
1212,6817
1212,17686
1212,11890
1213,14535
1213,13435
1213,14249
1215,7641
1215,11498
1216,18277
1218,17135
1219,3603
1219,3731
1219,21120
1219,18407
1221,16368
1221,15766
1221,21436
1221,2252
1221,3606
1222,21222
1222,17686
1226,8182
1226,9923
1227,10886
1227,16035
1227,12118
1227,20991
1228,13830
1228,19245
1228,20723
1228,4565
1229,19806
1230,8936
1231,17661
1234,14136
1234,2089
1234,16052
1234,16016
1235,16361
1235,12684
1235,22030
1235,4116
1236,15594
1237,14290
1237,7250
1239,8417
1239,12217
1240,20165
1241,15803
1241,21118
1243,11193
1243,19515
1243,10007
1243,22229
1243,8360
1243,1303
1243,8400
1243,12813
1243,7080
1243,14623
1243,9173
1243,8629
1243,5632
1243,9176
1243,21120
1243,12461
1244,4775
1244,14006
1244,8060
1244,14840
1244,4806
1244,2715
1244,4886
1244,16033
1244,19628
1244,20430
1244,9846
1244,1225
1244,13906
1244,17667
1245,17384
1245,4499
1245,21231
1246,17583
1246,20546
1246,18532
1246,10831
1246,20452
1246,8916
1247,8606
1247,13998
1247,20276
1248,3922
1248,1700
1248,8296
1248,16094
1249,11987
1251,19149
1252,5848
1252,10315
1254,8188
1254,15986
1257,22458
1259,15839
1259,2020
1260,10394
1263,4461
1263,15531
1264,2669
1264,3048
1264,1926
1264,19196
1264,13578
1265,4279
1265,15246
1266,22122
1266,11022
1266,1575
1266,18885
1266,17009
1267,11719
1267,12879
1267,3906
1267,15950
1267,5699
1267,19653
1267,9804
1269,4946
1269,16792
1269,20287
1269,7669
1269,2305
1269,415
1270,7684
1270,5878
1270,2664
1270,18222
1270,2753
1271,14031
1271,5587
1271,14181
1271,15236
1271,2085
1271,4042
1271,17402
1271,10426
1271,21033
1271,1761
1271,2284
1271,8926
1271,15174
1271,19820
1271,4225
1271,6069
1271,8473
1271,20764
1271,9024
1271,6806
1271,15283
1271,10468
1271,16093
1271,18514
1271,20343
1271,11332
1271,18548
1271,3590
1271,15951
1271,22265
1271,7653
1272,21784
7639,13699
1275,9368
1275,7645
1275,7570
1275,15567
1275,2610
1275,18561
1275,2455
1276,15067
1278,17384
1278,12936
1278,14458
1278,6721
1278,1391
1278,2981
1278,7325
1278,5952
1278,22398
1278,15174
1278,18221
1278,15096
1278,19743
1278,10468
1278,9241
1278,16071
1278,6361
1278,16615
1278,12464
1278,8883
1278,21729
1279,3062
1279,20093
1279,1912
1279,15186
1279,20210
1279,13122
1281,2094
1281,9559
1281,17880
1282,9651
1282,15195
1282,5187
1282,2824
1282,16426
1282,17163
1282,4542
1282,16290
1282,3154
1282,15236
1282,4040
1282,7869
1282,16155
1282,4806
1282,2024
1282,3533
1282,1668
1282,16444
1282,10386
1282,11746
1282,15631
1282,17128
1282,7216
1282,8302
1282,2820
1282,3097
1282,9319
1282,9149
1282,15531
1282,6536
1282,14383
1282,16895
1283,13525
1283,12534
1283,9035
1283,4000
1283,21251
1285,12472
1285,2558
1285,3529
1286,16422
1286,11457
1286,3707
1286,10796
1286,1799
1288,2777
1288,13683
1288,21097
1289,5458
1290,10090
1290,10844
1290,8544
1290,16554
1290,13628
1291,21365
1291,2603
1291,18421
1291,8094
1292,8827
1292,3934
1292,3194
1292,1627
1292,8249
1293,11802
1293,15703
1294,12393
1295,14253
11396,8307
1297,19748
1297,19243
1298,19112
1299,11988
7645,2043
7645,14282
7645,2557
7645,12227
7645,6634
7645,14529
7645,7816
7645,2746
7645,6991
7645,1668
7645,1759
7645,21860
7645,1940
7645,6185
7645,21556
7645,21492
7645,10510
7645,4646
1300,3710
1300,6007
1300,6285
1300,5637
1300,3216
1300,2810
1300,10219
1300,7890
1300,22365
1300,15453
1300,21214
1300,2101
1300,14749
1300,13254
1301,2543
1302,16289
1303,9957
1303,8360
1303,10717
1303,13294
1303,20566
1303,21211
1303,8629
1303,1951
1303,7703
1304,21645
1305,5590
1306,8572
1306,4378
1306,6342
1306,9718
1310,16565
1311,5982
1311,5686
1311,13829
1311,19639
1311,9422
1311,13718
1311,10952
1311,1539
1311,7168
1312,217
1312,2989
1312,19128
1312,18938
1313,4561
1313,9542
1313,6080
1314,20038
11401,13543
11401,20252
11401,2442
11401,2981
11401,3757
11401,10426
11401,21569
11401,17726
11401,18655
11401,1501
11401,12836
11401,2420
11401,20976
11401,21740
1316,22219
1316,14824
1316,20632
1316,2444
1316,1701
1316,9434
1316,6444
1317,12930
1317,9398
1317,19276
1317,9623
1318,14850
1318,17158
1318,20589
1318,2275
1319,7917
1319,7422
1319,16072
1319,22123
1319,13861
1319,10890
1319,10761
1319,20439
1319,17695
1319,16197
2880,12288
1323,7121
1323,2466
1325,9035
1325,1149
1325,22277
1325,15377
1325,9368
1325,12503
11406,21316
1327,6337
1327,2359
1327,10436
1327,8988
1327,19474
1327,9039
1327,15502
1327,6920
1327,16721
1328,12949
1328,4159
1328,15612
1328,14451
1329,4518
1329,7791
1329,18164
1329,2233
1330,14031
1330,5280
1330,19743
1330,20156
1330,18015
1330,17694
1330,3382
1330,8606
1330,20173
1330,13576
1330,5931
1330,14213
1330,4431
1330,2334
1330,1683
1330,22375
1331,2167
1332,2229
1333,12451
1333,5689
1334,15944
1334,16877
1334,15959
1334,8611
1334,6225
1334,16966
1334,9637
1334,12629
1334,11725
1334,10132
1334,12999
1334,21328
1334,16499
1334,9743
1334,15572
1336,20469
22234,14988
22234,22052
22234,22166
1337,19376
1337,3204
1338,16052
1339,6763
1339,10395
1339,11070
1339,7664
1339,17566
1339,19347
1339,14353
1339,5892
1339,9174
1339,19319
1339,16921
1339,16887
1339,2523
1339,20781
1339,20693
1340,4583
3963,8244
3963,12889
3963,3739
3963,13695
3963,4893
3963,15594
3963,2965
3963,12361
3963,17272
3963,17013
3963,6694
3963,2954
3963,8194
3963,2252
1342,8377
1342,1695
1342,21120
1345,13525
1347,15618
1349,20036
1349,6181
1349,21928
1350,7133
1350,6738
1350,21921
1350,6818
1350,18198
1350,8576
1351,10912
1351,14272
1351,5307
1351,4804
1351,8700
1351,11062
1351,16973
1352,13519
1352,3541
1354,19952
1354,15351
1354,17271
1356,10886
1356,18703
1356,12869
1356,2832
1356,20011
1356,6373
1357,4232
1357,3689
1357,4423
1357,6566
1357,20636
1357,19602
1357,6781
1357,20027
1358,8321
1360,12288
1360,10047
1360,6562
1360,3066
1360,12654
1364,1761
1364,17010
1364,20067
1366,12658
1366,21346
1366,13574
1366,21603
1366,10005
1366,14852
1366,14271
1366,15311
1366,14186
1366,10566
1367,17373
1367,2179
1367,6552
1367,7280
1367,8745
1367,4630
1367,16721
7654,2584
1369,1911
1369,6174
1369,2687
1372,12135
1372,13552
1372,6473
1372,17391
1372,21212
1372,19623
1372,20758
1372,21475
1372,1500
1372,10967
1372,8381
1372,17299
1372,15177
1372,5808
1372,8718
1372,5469
1372,8765
1372,20632
1372,21472
1372,17112
1372,12269
1372,16520
1372,16574
1372,15488
1372,17197
1372,21450
1376,2754
1377,14264
1377,17202
1377,15808
1377,16779
1377,21995
1377,19803
1377,17740
1377,4211
1377,3838
1377,8712
1377,4738
1377,20876
1377,8985
1377,21280
1377,8395
1377,14591
1377,5848
1377,14332
1378,1620
232,4922
1380,6014
1381,12434
1381,16454
1381,14205
1381,18094
1382,2517
1383,10762
1384,12139
1385,19361
1385,293
1385,4057
1387,3499
1387,5587
1387,13264
1387,2824
1387,14271
1387,1389
1387,2450
1387,16787
1387,11954
1387,16791
1387,14996
1387,2812
1387,8740
1387,12249
1387,16283
1387,16799
1387,16093
1387,7026
1387,7289
1387,12964
1387,13311
1387,16466
1387,4179
1387,17163
1387,16470
1387,9125
1387,20343
1387,14659
1387,11593
1387,4948
1387,21068
1387,7735
1387,19686
1387,13095
1387,6361
1387,6021
1387,14031
1387,22170
1387,19347
1387,8813
1387,5495
1387,14716
1387,20080
1387,10426
1387,8453
1387,17227
1387,9525
1387,10967
1387,20776
1387,14371
1387,17512
1387,21496
1387,15283
1387,15096
1387,2218
1387,7078
1387,10988
1387,2874
1387,4672
1387,7827
1387,21533
1387,22252
1387,2244
1387,12371
1387,3679
1387,1891
1387,11158
1387,11704
1387,5051
1387,4440
1387,14209
1387,20930
1387,18216
1387,6490
1387,13104
1387,16977
1387,19128
1387,5458
1387,15195
1387,20700
1387,7893
1387,10468
1387,13252
1387,4574
1387,14344
1387,3747
1387,21961
1387,14082
1387,14497
1387,18448
1387,1638
1387,19645
1387,7558
1387,10741
1387,22375
1387,18652
1387,19792
1387,14181
1387,1654
1387,21277
1387,5510
1387,14838
1387,15963
1387,15236
1387,4453
1387,5520
1387,10063
1387,20992
1387,13313
1387,3073
1387,11352
1387,16541
1387,11123
1387,20621
1387,14052
1387,4153
1387,3370
1387,4502
1387,12464
1387,5918
1387,5212
1387,14249
1387,17633
1387,4772
1387,11617
1387,7641
1387,20892
1387,6160
1389,9939
1389,4560
1389,8014
1390,15666
1390,11657
1390,13264
1390,20844
1390,21729
1390,5655
1390,2759
1390,12155
1390,22241
1390,10379
1391,3805
1391,5132
1391,5513
1391,11804
1391,6543
1391,5952
1391,16577
1391,15174
1391,7966
1391,2404
1391,16806
1391,5458
1391,15300
1391,18054
1391,2245
1391,15290
1391,17783
1391,6875
1391,7467
1391,10923
1391,6361
1391,16895
1391,8516
1391,9525
1392,3263
1393,21222
1393,15792
1393,21188
1393,2114
1393,21662
1394,6745
1396,10734
1396,13385
1396,14430
1396,15728
1396,12309
1398,14497
1400,10887
1401,4755
1401,19867
1401,13801
1401,6566
1401,8169
1401,20706
1401,6781
1401,20027
1401,12513
1401,7914
1401,8419
1401,20636
1401,19602
1401,3253
1401,11480
1401,17635
1401,2922
1401,1689
1402,1954
1402,14845
1402,18349
1402,21169
1404,13597
1404,4111
1404,12724
1404,19725
1404,20638
1404,21890
1404,17020
1404,21337
1404,12797
1404,12356
1404,3400
1408,6420
1408,14260
1408,8941
1408,21946
1408,16641
1408,9471
1408,15867
1408,13102
1408,1985
1408,3474
1409,13946
11415,18208
1411,10302
1412,4123
1412,2845
1413,18135
1413,5664
1413,12482
1413,8607
1413,8546
1413,6196
1415,1827
1416,4472
1417,20654
1417,2360
1419,2388
1419,13058
1419,21693
1421,7005
1421,1980
1422,18056
1422,5878
1422,16106
1425,20914
1425,17613
1425,20089
1425,17092
1426,1702
1427,14848
1427,5489
1428,11187
1428,3262
1430,17035
1430,8820
1433,2067
1434,6505
1434,18768
1434,5902
1434,7472
1434,10768
1435,2515
1435,10855
1436,18975
3979,15109
3979,18315
3979,19782
1438,17419
1438,17546
1438,20772
240,17384
240,16379
240,1761
240,17058
240,8926
240,7490
240,15236
240,16093
240,8883
