nodes,Density
7622,3.64799
7621,3.64834
7620,3.64869
7619,3.64904
7618,3.64938
7617,3.64973
7616,3.65008
7615,3.65043
7614,3.65077
7613,3.65112
7612,3.65147
7611,3.65182
7610,3.65217
7609,3.65252
7608,3.65287
7607,3.65321
7606,3.65356
7605,3.65391
7604,3.65426
7603,3.65461
7602,3.65496
7601,3.65531
7600,3.65566
7599,3.65601
7598,3.65636
7597,3.65671
7596,3.65706
7595,3.65741
7594,3.65776
7593,3.65811
7592,3.65846
7591,3.65881
7590,3.65916
7589,3.65951
7588,3.65986
7587,3.66021
7586,3.66056
7585,3.66091
7584,3.66126
7583,3.66161
7582,3.66196
7581,3.66231
7580,3.66266
7579,3.66302
7578,3.66337
7577,3.66372
7576,3.66407
7575,3.66442
7574,3.66477
7573,3.66513
7572,3.66548
7571,3.66583
7570,3.66618
7569,3.66653
7568,3.66689
7567,3.66724
7566,3.66759
7565,3.66794
7564,3.6683
7563,3.66865
7562,3.669
7561,3.66936
7560,3.66971
7559,3.67006
7558,3.67042
7557,3.67077
7556,3.67112
7555,3.67148
7554,3.67183
7553,3.67218
7552,3.67254
7551,3.67289
7550,3.67325
7549,3.6736
7548,3.67395
7547,3.67431
7546,3.67466
7545,3.67502
7544,3.67537
7543,3.67573
7542,3.67608
7541,3.67644
7540,3.67679
7539,3.67715
7538,3.6775
7537,3.67786
7536,3.67821
7535,3.67857
7534,3.67892
7533,3.67928
7532,3.67963
7531,3.67999
7530,3.68035
7529,3.6807
7528,3.68106
7527,3.68141
7526,3.68177
7525,3.68213
7524,3.68248
7523,3.68284
7522,3.6832
7521,3.68355
7520,3.68391
7519,3.68427
7518,3.68462
7517,3.68498
7516,3.68534
7515,3.6857
7514,3.68605
7513,3.68641
7512,3.68677
7511,3.68713
7510,3.68748
7509,3.68784
7508,3.6882
7507,3.68856
7506,3.68892
7505,3.68927
7504,3.68963
7503,3.68999
7502,3.69035
7501,3.69071
7500,3.69107
7499,3.69143
7498,3.69178
7497,3.69214
7496,3.6925
7495,3.69286
7494,3.69322
7493,3.69358
7492,3.69394
7491,3.6943
7490,3.69466
7489,3.69502
7488,3.69538
7487,3.69574
7486,3.6961
7485,3.69646
7484,3.69682
7483,3.69718
7482,3.69754
7481,3.6979
7480,3.69826
7479,3.69862
7478,3.69898
7477,3.69934
7476,3.69971
7475,3.70007
7474,3.70043
7473,3.70079
7472,3.70115
7471,3.70151
7470,3.70187
7469,3.70224
7468,3.7026
7467,3.70296
7466,3.70332
7465,3.70368
7464,3.70405
7463,3.70441
7462,3.70477
7461,3.70513
7460,3.7055
7459,3.70586
7458,3.70622
7457,3.70658
7456,3.70695
7455,3.70731
7454,3.70767
7453,3.70804
7452,3.7084
7451,3.70876
7450,3.70913
7449,3.70949
7448,3.70985
7447,3.71022
7446,3.71058
7445,3.71095
7444,3.71131
7443,3.71168
7442,3.71204
7441,3.7124
7440,3.71277
7439,3.71313
7438,3.7135
7437,3.71386
7436,3.71423
7435,3.71459
7434,3.71496
7433,3.71532
7432,3.71569
7431,3.71605
7430,3.71642
7429,3.71679
7428,3.71715
7427,3.71752
7426,3.71788
7425,3.71825
7424,3.71862
7423,3.71898
7422,3.71935
7421,3.71971
7420,3.72008
7419,3.72045
7418,3.72081
7417,3.72118
7416,3.72155
7415,3.72192
7414,3.72228
7413,3.72265
7412,3.72302
7411,3.72338
7410,3.72375
7409,3.72412
7408,3.72449
7407,3.72485
7406,3.72522
7405,3.72559
7404,3.72596
7403,3.72633
7402,3.7267
7401,3.72706
7400,3.72743
7399,3.7278
7398,3.72817
7397,3.72854
7396,3.72891
7395,3.72928
7394,3.72965
7393,3.73001
7392,3.73038
7391,3.73075
7390,3.73112
7389,3.73149
7388,3.73186
7387,3.73223
7386,3.7326
7385,3.73297
7384,3.73334
7383,3.73371
7382,3.73408
7381,3.73445
7380,3.73482
7379,3.73519
7378,3.73557
7377,3.73594
7376,3.73631
7375,3.73668
7374,3.73705
7373,3.73742
7372,3.73779
7371,3.73816
7370,3.73853
7369,3.73891
7368,3.73928
7367,3.73965
7366,3.74002
7365,3.74039
7364,3.74077
7363,3.74114
7362,3.74151
7361,3.74188
7360,3.74226
7359,3.74263
7358,3.743
7357,3.74337
7356,3.74375
7355,3.74412
7354,3.74449
7353,3.74487
7352,3.74524
7351,3.74561
7350,3.74599
7349,3.74636
7348,3.74673
7347,3.74711
7346,3.74748
7345,3.74786
7344,3.74823
7343,3.7486
7342,3.74898
7341,3.74935
7340,3.74973
7339,3.7501
7338,3.75048
7337,3.75085
7336,3.75123
7335,3.7516
7334,3.75198
7333,3.75235
7332,3.75273
7331,3.7531
7330,3.75348
7329,3.75385
7328,3.75423
7327,3.75461
7326,3.75498
7325,3.75536
7324,3.75573
7323,3.75611
7322,3.75649
7321,3.75686
7320,3.75724
7319,3.75762
7318,3.75799
7317,3.75837
7316,3.75875
7315,3.75913
7314,3.7595
7313,3.75988
7312,3.76026
7311,3.76063
7310,3.76101
7309,3.76139
7308,3.76177
7307,3.76215
7306,3.76252
7305,3.7629
7304,3.76328
7303,3.76366
7302,3.76404
7301,3.76442
7300,3.76479
7299,3.76517
7298,3.76555
7297,3.76593
7296,3.76631
7295,3.76669
7294,3.76707
7293,3.76745
7292,3.76783
7291,3.76821
7290,3.76859
7289,3.76897
7288,3.76935
7287,3.76973
7286,3.77011
7285,3.77049
7284,3.77087
7283,3.77125
7282,3.77163
7281,3.77201
7280,3.77239
7279,3.77277
7278,3.77315
7277,3.77353
7276,3.77391
7275,3.7743
7274,3.77468
7273,3.77506
7272,3.77544
7271,3.77582
7270,3.7762
7269,3.77659
7268,3.77697
7267,3.77735
7266,3.77773
7265,3.77811
7264,3.7785
7263,3.77888
7262,3.77926
7261,3.77964
7260,3.78003
7259,3.78041
7258,3.78079
7257,3.78118
7256,3.78156
7255,3.78194
7254,3.78233
7253,3.78271
7252,3.78309
7251,3.78348
7250,3.78386
7249,3.78425
7248,3.78463
7247,3.78501
7246,3.7854
7245,3.78578
7244,3.78617
7243,3.78655
7242,3.78694
7241,3.78732
7240,3.78771
7239,3.78809
7238,3.78848
7237,3.78886
7236,3.78925
7235,3.78963
7234,3.79002
7233,3.79041
7232,3.79079
7231,3.79118
7230,3.79156
7229,3.79195
7228,3.79234
7227,3.79272
7226,3.79311
7225,3.79349
7224,3.79388
7223,3.79427
7222,3.79466
7221,3.79504
7220,3.79543
7219,3.79582
7218,3.7962
7217,3.79659
7216,3.79698
7215,3.79737
7214,3.79775
7213,3.79814
7212,3.79853
7211,3.79892
7210,3.79931
7209,3.79969
7208,3.80008
7207,3.80047
7206,3.80086
7205,3.80125
7204,3.80164
7203,3.80203
7202,3.80242
7201,3.80281
7200,3.80319
7199,3.80358
7198,3.80397
7197,3.80436
7196,3.80475
7195,3.80514
7194,3.80553
7193,3.80592
7192,3.80631
7191,3.8067
7190,3.80709
7189,3.80748
7188,3.80787
7187,3.80826
7186,3.80866
7185,3.80905
7184,3.80944
7183,3.80983
7182,3.81022
7181,3.81061
7180,3.811
7179,3.81139
7178,3.81179
7177,3.81218
7176,3.81257
7175,3.81296
7174,3.81335
7173,3.81375
7172,3.81414
7171,3.81453
7170,3.81492
7169,3.81532
7168,3.81571
7167,3.8161
7166,3.81649
7165,3.81689
7164,3.81728
7163,3.81767
7162,3.81807
7161,3.81846
7160,3.81885
7159,3.81925
7158,3.81964
7157,3.82004
7156,3.82043
7155,3.82082
7154,3.82122
7153,3.82161
7152,3.82201
7151,3.8224
7150,3.8228
7149,3.82319
7148,3.82359
7147,3.82398
7146,3.82438
7145,3.82477
7144,3.82517
7143,3.82556
7142,3.82596
7141,3.82635
7140,3.82675
7139,3.82715
7138,3.82754
7137,3.82794
7136,3.82834
7135,3.82873
7134,3.82913
7133,3.82952
7132,3.82992
7131,3.83032
7130,3.83072
7129,3.83111
7128,3.83151
7127,3.83191
7126,3.8323
7125,3.8327
7124,3.8331
7123,3.8335
7122,3.83389
7121,3.83429
7120,3.83469
7119,3.83509
7118,3.83549
7117,3.83589
7116,3.83628
7115,3.83668
7114,3.83708
7113,3.83748
7112,3.83788
7111,3.83828
7110,3.83868
7109,3.83908
7108,3.83948
7107,3.83988
7106,3.84028
7105,3.84068
7104,3.84108
7103,3.84148
7102,3.84188
7101,3.84228
7100,3.84268
7099,3.84308
7098,3.84348
7097,3.84388
7096,3.84428
7095,3.84468
7094,3.84508
7093,3.84548
7092,3.84588
7091,3.84628
7090,3.84669
7089,3.84709
7088,3.84749
7087,3.84789
7086,3.84829
7085,3.84869
7084,3.8491
7083,3.8495
7082,3.8499
7081,3.8503
7080,3.85071
7079,3.85111
7078,3.85151
7077,3.85191
7076,3.85232
7075,3.85272
7074,3.85312
7073,3.85353
7072,3.85393
7071,3.85433
7070,3.85474
7069,3.85514
7068,3.85555
7067,3.85595
7066,3.85635
7065,3.85676
7064,3.85716
7063,3.85757
7062,3.85797
7061,3.85838
7060,3.85878
7059,3.85919
7058,3.85959
7057,3.86
7056,3.8604
7055,3.86081
7054,3.86121
7053,3.86162
7052,3.86202
7051,3.86243
7050,3.86284
7049,3.86324
7048,3.86365
7047,3.86406
7046,3.86446
7045,3.86487
7044,3.86528
7043,3.86568
7042,3.86609
7041,3.8665
7040,3.8669
7039,3.86731
7038,3.86772
7037,3.86813
7036,3.86853
7035,3.86894
7034,3.86935
7033,3.86976
7032,3.87016
7031,3.87057
7030,3.87098
7029,3.87139
7028,3.8718
7027,3.87221
7026,3.87262
7025,3.87302
7024,3.87343
7023,3.87384
7022,3.87425
7021,3.87466
7020,3.87507
7019,3.87548
7018,3.87589
7017,3.8763
7016,3.87671
7015,3.87712
7014,3.87753
7013,3.87794
7012,3.87835
7011,3.87876
7010,3.87917
7009,3.87958
7008,3.87999
7007,3.88041
7006,3.88082
7005,3.88123
7004,3.88164
7003,3.88205
7002,3.88246
7001,3.88287
7000,3.88329
6999,3.8837
6998,3.88411
6997,3.88452
6996,3.88493
6995,3.88535
6994,3.88576
6993,3.88617
6992,3.88658
6991,3.887
6990,3.88741
6989,3.88782
6988,3.88824
6987,3.88865
6986,3.88906
6985,3.88948
6984,3.88989
6983,3.89031
6982,3.89072
6981,3.89113
6980,3.89155
6979,3.89196
6978,3.89238
6977,3.89279
6976,3.89321
6975,3.89362
6974,3.89403
6973,3.89445
6972,3.89487
6971,3.89528
6970,3.8957
6969,3.89611
6968,3.89653
6967,3.89694
6966,3.89736
6965,3.89777
6964,3.89819
6963,3.89861
6962,3.89902
6961,3.89944
6960,3.89986
6959,3.90027
6958,3.90069
6957,3.90111
6956,3.90152
6955,3.90194
6954,3.90236
6953,3.90278
6952,3.90319
6951,3.90361
6950,3.90403
6949,3.90445
6948,3.90486
6947,3.90528
6946,3.9057
6945,3.90612
6944,3.90654
6943,3.90696
6942,3.90738
6941,3.90779
6940,3.90821
6939,3.90863
6938,3.90905
6937,3.90947
6936,3.90989
6935,3.91031
6934,3.91073
6933,3.91115
6932,3.91157
6931,3.91199
6930,3.91241
6929,3.91283
6928,3.91325
6927,3.91367
6926,3.91409
6925,3.91451
6924,3.91493
6923,3.91535
6922,3.91578
6921,3.9162
6920,3.91662
6919,3.91704
6918,3.91746
6917,3.91788
6916,3.91831
6915,3.91873
6914,3.91915
6913,3.91957
6912,3.91999
6911,3.92042
6910,3.92084
6909,3.92126
6908,3.92169
6907,3.92211
6906,3.92253
6905,3.92295
6904,3.92338
6903,3.9238
6902,3.92422
6901,3.92465
6900,3.92507
6899,3.9255
6898,3.92592
6897,3.92634
6896,3.92677
6895,3.92719
6894,3.92762
6893,3.92804
6892,3.92847
6891,3.92889
6890,3.92932
6889,3.92974
6888,3.93017
6887,3.93059
6886,3.93102
6885,3.93145
6884,3.93187
6883,3.9323
6882,3.93272
6881,3.93315
6880,3.93358
6879,3.934
6878,3.93443
6877,3.93486
6876,3.93528
6875,3.93571
6874,3.93614
6873,3.93656
6872,3.93699
6871,3.93742
6870,3.93785
6869,3.93827
6868,3.9387
6867,3.93913
6866,3.93956
6865,3.93999
6864,3.94041
6863,3.94084
6862,3.94127
6861,3.9417
6860,3.94213
6859,3.94256
6858,3.94299
6857,3.94342
6856,3.94384
6855,3.94427
6854,3.9447
6853,3.94513
6852,3.94556
6851,3.94599
6850,3.94642
6849,3.94685
6848,3.94728
6847,3.94771
6846,3.94814
6845,3.94858
6844,3.94901
6843,3.94944
6842,3.94987
6841,3.9503
6840,3.95073
6839,3.95116
6838,3.95159
6837,3.95203
6836,3.95246
6835,3.95289
6834,3.95332
6833,3.95375
6832,3.95419
6831,3.95462
6830,3.95505
6829,3.95548
6828,3.95592
6827,3.95635
6826,3.95678
6825,3.95722
6824,3.95765
6823,3.95808
6822,3.95852
6821,3.95895
6820,3.95938
6819,3.95982
6818,3.96025
6817,3.96069
6816,3.96112
6815,3.96156
6814,3.96199
6813,3.96242
6812,3.96286
6811,3.96329
6810,3.96373
6809,3.96417
6808,3.9646
6807,3.96504
6806,3.96547
6805,3.96591
6804,3.96634
6803,3.96678
6802,3.96722
6801,3.96765
6800,3.96809
6799,3.96852
6798,3.96896
6797,3.9694
6796,3.96984
6795,3.97027
6794,3.97071
6793,3.97115
6792,3.97158
6791,3.97202
6790,3.97246
6789,3.9729
6788,3.97334
6787,3.97377
6786,3.97421
6785,3.97465
6784,3.97509
6783,3.97553
6782,3.97597
6781,3.9764
6780,3.97684
6779,3.97728
6778,3.97772
6777,3.97816
6776,3.9786
6775,3.97904
6774,3.97948
6773,3.97992
6772,3.98036
6771,3.9808
6770,3.98124
6769,3.98168
6768,3.98212
6767,3.98256
6766,3.983
6765,3.98344
6764,3.98389
6763,3.98433
6762,3.98477
6761,3.98521
6760,3.98565
6759,3.98609
6758,3.98653
6757,3.98698
6756,3.98742
6755,3.98786
6754,3.9883
6753,3.98875
6752,3.98919
6751,3.98963
6750,3.99007
6749,3.99052
6748,3.99096
6747,3.9914
6746,3.99185
6745,3.99229
6744,3.99273
6743,3.99318
6742,3.99362
6741,3.99407
6740,3.99451
6739,3.99495
6738,3.9954
6737,3.99584
6736,3.99629
6735,3.99673
6734,3.99718
6733,3.99762
6732,3.99807
6731,3.99851
6730,3.99896
6729,3.99941
6728,3.99985
6727,4.0003
6726,4.00074
6725,4.00119
6724,4.00164
6723,4.00208
6722,4.00253
6721,4.00298
6720,4.00342
6719,4.00387
6718,4.00432
6717,4.00476
6716,4.00521
6715,4.00566
6714,4.00611
6713,4.00655
6712,4.007
6711,4.00745
6710,4.0079
6709,4.00835
6708,4.0088
6707,4.00924
6706,4.00969
6705,4.01014
6704,4.01059
6703,4.01104
6702,4.01149
6701,4.01194
6700,4.01239
6699,4.01284
6698,4.01329
6697,4.01374
6696,4.01419
6695,4.01464
6694,4.01509
6693,4.01554
6692,4.01599
6691,4.01644
6690,4.01689
6689,4.01734
6688,4.01779
6687,4.01824
6686,4.0187
6685,4.01915
6684,4.0196
6683,4.02005
6682,4.0205
6681,4.02095
6680,4.02141
6679,4.02186
6678,4.02231
6677,4.02276
6676,4.02322
6675,4.02367
6674,4.02412
6673,4.02458
6672,4.02503
6671,4.02548
6670,4.02594
6669,4.02639
6668,4.02684
6667,4.0273
6666,4.02775
6665,4.02821
6664,4.02866
6663,4.02912
6662,4.02957
6661,4.03003
6660,4.03048
6659,4.03094
6658,4.03139
6657,4.03185
6656,4.0323
6655,4.03276
6654,4.03321
6653,4.03367
6652,4.03413
6651,4.03458
6650,4.03504
6649,4.03549
6648,4.03595
6647,4.03641
6646,4.03686
6645,4.03732
6644,4.03778
6643,4.03824
6642,4.03869
6641,4.03915
6640,4.03961
6639,4.04007
6638,4.04052
6637,4.04098
6636,4.04144
6635,4.0419
6634,4.04236
6633,4.04282
6632,4.04328
6631,4.04373
6630,4.04419
6629,4.04465
6628,4.04511
6627,4.04557
6626,4.04603
6625,4.04649
6624,4.04695
6623,4.04741
6622,4.04787
6621,4.04833
6620,4.04879
6619,4.04925
6618,4.04971
6617,4.05017
6616,4.05063
6615,4.0511
6614,4.05156
6613,4.05202
6612,4.05248
6611,4.05294
6610,4.0534
6609,4.05387
6608,4.05433
6607,4.05479
6606,4.05525
6605,4.05572
6604,4.05618
6603,4.05664
6602,4.0571
6601,4.05757
6600,4.05803
6599,4.05849
6598,4.05896
6597,4.05942
6596,4.05988
6595,4.06035
6594,4.06081
6593,4.06128
6592,4.06174
6591,4.06221
6590,4.06267
6589,4.06314
6588,4.0636
6587,4.06407
6586,4.06453
6585,4.065
6584,4.06546
6583,4.06593
6582,4.06639
6581,4.06686
6580,4.06733
6579,4.06779
6578,4.06826
6577,4.06872
6576,4.06919
6575,4.06966
6574,4.07012
6573,4.07059
6572,4.07106
6571,4.07153
6570,4.07199
6569,4.07246
6568,4.07293
6567,4.0734
6566,4.07387
6565,4.07433
6564,4.0748
6563,4.07527
6562,4.07574
6561,4.07621
6560,4.07668
6559,4.07715
6558,4.07762
6557,4.07808
6556,4.07855
6555,4.07902
6554,4.07949
6553,4.07996
6552,4.08043
6551,4.0809
6550,4.08137
6549,4.08184
6548,4.08232
6547,4.08279
6546,4.08326
6545,4.08373
6544,4.0842
6543,4.08467
6542,4.08514
6541,4.08561
6540,4.08609
6539,4.08656
6538,4.08703
6537,4.0875
6536,4.08797
6535,4.08845
6534,4.08892
6533,4.08939
6532,4.08987
6531,4.09034
6530,4.09081
6529,4.09129
6528,4.09176
6527,4.09223
6526,4.09271
6525,4.09318
6524,4.09365
6523,4.09413
6522,4.0946
6521,4.09508
6520,4.09555
6519,4.09603
6518,4.0965
6517,4.09698
6516,4.09745
6515,4.09793
6514,4.0984
6513,4.09888
6512,4.09936
6511,4.09983
6510,4.10031
6509,4.10078
6508,4.10126
6507,4.10174
6506,4.10221
6505,4.10269
6504,4.10317
6503,4.10364
6502,4.10412
6501,4.1046
6500,4.10508
6499,4.10555
6498,4.10603
6497,4.10651
6496,4.10699
6495,4.10747
6494,4.10795
6493,4.10842
6492,4.1089
6491,4.10938
6490,4.10986
6489,4.11034
6488,4.11082
6487,4.1113
6486,4.11178
6485,4.11226
6484,4.11274
6483,4.11322
6482,4.1137
6481,4.11418
6480,4.11466
6479,4.11514
6478,4.11562
6477,4.1161
6476,4.11658
6475,4.11707
6474,4.11755
6473,4.11803
6472,4.11851
6471,4.11899
6470,4.11947
6469,4.11996
6468,4.12044
6467,4.12092
6466,4.1214
6465,4.12189
6464,4.12237
6463,4.12285
6462,4.12334
6461,4.12382
6460,4.1243
6459,4.12479
6458,4.12527
6457,4.12575
6456,4.12624
6455,4.12672
6454,4.12721
6453,4.12769
6452,4.12818
6451,4.12866
6450,4.12915
6449,4.12963
6448,4.13012
6447,4.1306
6446,4.13109
6445,4.13157
6444,4.13206
6443,4.13255
6442,4.13303
6441,4.13352
6440,4.13401
6439,4.13449
6438,4.13498
6437,4.13547
6436,4.13595
6435,4.13644
6434,4.13693
6433,4.13742
6432,4.1379
6431,4.13839
6430,4.13888
6429,4.13937
6428,4.13986
6427,4.14035
6426,4.14083
6425,4.14132
6424,4.14181
6423,4.1423
6422,4.14279
6421,4.14328
6420,4.14377
6419,4.14426
6418,4.14475
6417,4.14524
6416,4.14573
6415,4.14622
6414,4.14671
6413,4.1472
6412,4.14769
6411,4.14818
6410,4.14867
6409,4.14917
6408,4.14966
6407,4.15015
6406,4.15064
6405,4.15113
6404,4.15162
6403,4.15212
6402,4.15261
6401,4.1531
6400,4.15359
6399,4.15409
6398,4.15458
6397,4.15507
6396,4.15557
6395,4.15606
6394,4.15655
6393,4.15705
6392,4.15754
6391,4.15803
6390,4.15853
6389,4.15902
6388,4.15952
6387,4.16001
6386,4.16051
6385,4.161
6384,4.1615
6383,4.16199
6382,4.16249
6381,4.16298
6380,4.16348
6379,4.16398
6378,4.16447
6377,4.16497
6376,4.16546
6375,4.16596
6374,4.16646
6373,4.16695
6372,4.16745
6371,4.16795
6370,4.16845
6369,4.16894
6368,4.16944
6367,4.16994
6366,4.17044
6365,4.17093
6364,4.17143
6363,4.17193
6362,4.17243
6361,4.17293
6360,4.17343
6359,4.17393
6358,4.17443
6357,4.17493
6356,4.17542
6355,4.17592
6354,4.17642
6353,4.17692
6352,4.17742
6351,4.17792
6350,4.17843
6349,4.17893
6348,4.17943
6347,4.17993
6346,4.18043
6345,4.18093
6344,4.18143
6343,4.18193
6342,4.18243
6341,4.18294
6340,4.18344
6339,4.18394
6338,4.18444
6337,4.18495
6336,4.18545
6335,4.18595
6334,4.18645
6333,4.18696
6332,4.18746
6331,4.18796
6330,4.18847
6329,4.18897
6328,4.18948
6327,4.18998
6326,4.19048
6325,4.19099
6324,4.19149
6323,4.192
6322,4.1925
6321,4.19301
6320,4.19351
6319,4.19402
6318,4.19452
6317,4.19503
6316,4.19554
6315,4.19604
6314,4.19655
6313,4.19705
6312,4.19756
6311,4.19807
6310,4.19857
6309,4.19908
6308,4.19959
6307,4.2001
6306,4.2006
6305,4.20111
6304,4.20162
6303,4.20213
6302,4.20263
6301,4.20314
6300,4.20365
6299,4.20416
6298,4.20467
6297,4.20518
6296,4.20569
6295,4.2062
6294,4.2067
6293,4.20721
6292,4.20772
6291,4.20823
6290,4.20874
6289,4.20925
6288,4.20976
6287,4.21028
6286,4.21079
6285,4.2113
6284,4.21181
6283,4.21232
6282,4.21283
6281,4.21334
6280,4.21385
6279,4.21437
6278,4.21488
6277,4.21539
6276,4.2159
6275,4.21641
6274,4.21693
6273,4.21744
6272,4.21795
6271,4.21847
6270,4.21898
6269,4.21949
6268,4.22001
6267,4.22052
6266,4.22103
6265,4.22155
6264,4.22206
6263,4.22258
6262,4.22309
6261,4.22361
6260,4.22412
6259,4.22464
6258,4.22515
6257,4.22567
6256,4.22618
6255,4.2267
6254,4.22721
6253,4.22773
6252,4.22825
6251,4.22876
6250,4.22928
6249,4.2298
6248,4.23031
6247,4.23083
6246,4.23135
6245,4.23187
6244,4.23238
6243,4.2329
6242,4.23342
6241,4.23394
6240,4.23446
6239,4.23497
6238,4.23549
6237,4.23601
6236,4.23653
6235,4.23705
6234,4.23757
6233,4.23809
6232,4.23861
6231,4.23913
6230,4.23965
6229,4.24017
6228,4.24069
6227,4.24121
6226,4.24173
6225,4.24225
6224,4.24277
6223,4.24329
6222,4.24381
6221,4.24433
6220,4.24486
6219,4.24538
6218,4.2459
6217,4.24642
6216,4.24694
6215,4.24747
6214,4.24799
6213,4.24851
6212,4.24903
6211,4.24956
6210,4.25008
6209,4.2506
6208,4.25113
6207,4.25165
6206,4.25218
6205,4.2527
6204,4.25322
6203,4.25375
6202,4.25427
6201,4.2548
6200,4.25532
6199,4.25585
6198,4.25637
6197,4.2569
6196,4.25742
6195,4.25795
6194,4.25848
6193,4.259
6192,4.25953
6191,4.26005
6190,4.26058
6189,4.26111
6188,4.26164
6187,4.26216
6186,4.26269
6185,4.26322
6184,4.26375
6183,4.26427
6182,4.2648
6181,4.26533
6180,4.26586
6179,4.26639
6178,4.26691
6177,4.26744
6176,4.26797
6175,4.2685
6174,4.26903
6173,4.26956
6172,4.27009
6171,4.27062
6170,4.27115
6169,4.27168
6168,4.27221
6167,4.27274
6166,4.27327
6165,4.2738
6164,4.27433
6163,4.27487
6162,4.2754
6161,4.27593
6160,4.27646
6159,4.27699
6158,4.27753
6157,4.27806
6156,4.27859
6155,4.27912
6154,4.27966
6153,4.28019
6152,4.28072
6151,4.28126
6150,4.28179
6149,4.28232
6148,4.28286
6147,4.28339
6146,4.28392
6145,4.28446
6144,4.28499
6143,4.28553
6142,4.28606
6141,4.2866
6140,4.28713
6139,4.28767
6138,4.2882
6137,4.28874
6136,4.28928
6135,4.28981
6134,4.29035
6133,4.29089
6132,4.29142
6131,4.29196
6130,4.2925
6129,4.29303
6128,4.29357
6127,4.29411
6126,4.29465
6125,4.29518
6124,4.29572
6123,4.29626
6122,4.2968
6121,4.29734
6120,4.29788
6119,4.29841
6118,4.29895
6117,4.29949
6116,4.30003
6115,4.30057
6114,4.30111
6113,4.30165
6112,4.30219
6111,4.30273
6110,4.30327
6109,4.30381
6108,4.30435
6107,4.3049
6106,4.30544
6105,4.30598
6104,4.30652
6103,4.30706
6102,4.3076
6101,4.30815
6100,4.30869
6099,4.30923
6098,4.30977
6097,4.31032
6096,4.31086
6095,4.3114
6094,4.31195
6093,4.31249
6092,4.31303
6091,4.31358
6090,4.31412
6089,4.31467
6088,4.31521
6087,4.31575
6086,4.3163
6085,4.31684
6084,4.31739
6083,4.31794
6082,4.31848
6081,4.31903
6080,4.31957
6079,4.32012
6078,4.32066
6077,4.32121
6076,4.32176
6075,4.3223
6074,4.32285
6073,4.3234
6072,4.32395
6071,4.32449
6070,4.32504
6069,4.32559
6068,4.32614
6067,4.32669
6066,4.32723
6065,4.32778
6064,4.32833
6063,4.32888
6062,4.32943
6061,4.32998
6060,4.33053
6059,4.33108
6058,4.33163
6057,4.33218
6056,4.33273
6055,4.33328
6054,4.33383
6053,4.33438
6052,4.33493
6051,4.33548
6050,4.33603
6049,4.33658
6048,4.33714
6047,4.33769
6046,4.33824
6045,4.33879
6044,4.33934
6043,4.3399
6042,4.34045
6041,4.341
6040,4.34156
6039,4.34211
6038,4.34266
6037,4.34322
6036,4.34377
6035,4.34432
6034,4.34488
6033,4.34543
6032,4.34599
6031,4.34654
6030,4.3471
6029,4.34765
6028,4.34821
6027,4.34876
6026,4.34932
6025,4.34988
6024,4.35043
6023,4.35099
6022,4.35154
6021,4.3521
6020,4.35266
6019,4.35321
6018,4.35377
6017,4.35433
6016,4.35489
6015,4.35544
6014,4.356
6013,4.35656
6012,4.35712
6011,4.35768
6010,4.35824
6009,4.3588
6008,4.35935
6007,4.35991
6006,4.36047
6005,4.36103
6004,4.36159
6003,4.36215
6002,4.36271
6001,4.36327
6000,4.36383
5999,4.36439
5998,4.36495
5997,4.36552
5996,4.36608
5995,4.36664
5994,4.3672
5993,4.36776
5992,4.36832
5991,4.36889
5990,4.36945
5989,4.37001
5988,4.37057
5987,4.37114
5986,4.3717
5985,4.37226
5984,4.37283
5983,4.37339
5982,4.37396
5981,4.37452
5980,4.37508
5979,4.37565
5978,4.37621
5977,4.37678
5976,4.37734
5975,4.37791
5974,4.37847
5973,4.37904
5972,4.3796
5971,4.38017
5970,4.38074
5969,4.3813
5968,4.38187
5967,4.38244
5966,4.383
5965,4.38357
5964,4.38414
5963,4.38471
5962,4.38527
5961,4.38584
5960,4.38641
5959,4.38698
5958,4.38755
5957,4.38811
5956,4.38868
5955,4.38925
5954,4.38982
5953,4.39039
5952,4.39096
5951,4.39153
5950,4.3921
5949,4.39267
5948,4.39324
5947,4.39381
5946,4.39438
5945,4.39495
5944,4.39552
5943,4.3961
5942,4.39667
5941,4.39724
5940,4.39781
5939,4.39838
5938,4.39896
5937,4.39953
5936,4.4001
5935,4.40067
5934,4.40125
5933,4.40182
5932,4.40239
5931,4.40297
5930,4.40354
5929,4.40412
5928,4.40469
5927,4.40526
5926,4.40584
5925,4.40641
5924,4.40699
5923,4.40756
5922,4.40814
5921,4.40871
5920,4.40929
5919,4.40987
5918,4.41044
5917,4.41102
5916,4.4116
5915,4.41217
5914,4.41275
5913,4.41333
5912,4.4139
5911,4.41448
5910,4.41506
5909,4.41564
5908,4.41622
5907,4.41679
5906,4.41737
5905,4.41795
5904,4.41853
5903,4.41911
5902,4.41969
5901,4.42027
5900,4.42085
5899,4.42143
5898,4.42201
5897,4.42259
5896,4.42317
5895,4.42375
5894,4.42433
5893,4.42491
5892,4.42549
5891,4.42607
5890,4.42666
5889,4.42724
5888,4.42782
5887,4.4284
5886,4.42898
5885,4.42957
5884,4.43015
5883,4.43073
5882,4.43132
5881,4.4319
5880,4.43248
5879,4.43307
5878,4.43365
5877,4.43424
5876,4.43482
5875,4.4354
5874,4.43599
5873,4.43657
5872,4.43716
5871,4.43774
5870,4.43833
5869,4.43892
5868,4.4395
5867,4.44009
5866,4.44068
5865,4.44126
5864,4.44185
5863,4.44244
5862,4.44302
5861,4.44361
5860,4.4442
5859,4.44479
5858,4.44537
5857,4.44596
5856,4.44655
5855,4.44714
5854,4.44773
5853,4.44832
5852,4.44891
5851,4.4495
5850,4.45009
5849,4.45068
5848,4.45127
5847,4.45186
5846,4.45245
5845,4.45304
5844,4.45363
5843,4.45422
5842,4.45481
5841,4.4554
5840,4.45599
5839,4.45659
5838,4.45718
5837,4.45777
5836,4.45836
5835,4.45895
5834,4.45955
5833,4.46014
5832,4.46073
5831,4.46133
5830,4.46192
5829,4.46252
5828,4.46311
5827,4.4637
5826,4.4643
5825,4.46489
5824,4.46549
5823,4.46608
5822,4.46668
5821,4.46727
5820,4.46787
5819,4.46847
5818,4.46906
5817,4.46966
5816,4.47025
5815,4.47085
5814,4.47145
5813,4.47205
5812,4.47264
5811,4.47324
5810,4.47384
5809,4.47444
5808,4.47503
5807,4.47563
5806,4.47623
5805,4.47683
5804,4.47743
5803,4.47803
5802,4.47863
5801,4.47923
5800,4.47983
5799,4.48043
5798,4.48103
5797,4.48163
5796,4.48223
5795,4.48283
5794,4.48343
5793,4.48403
5792,4.48463
5791,4.48524
5790,4.48584
5789,4.48644
5788,4.48704
5787,4.48764
5786,4.48825
5785,4.48885
5784,4.48945
5783,4.49006
5782,4.49066
5781,4.49126
5780,4.49187
5779,4.49247
5778,4.49308
5777,4.49368
5776,4.49429
5775,4.49489
5774,4.4955
5773,4.4961
5772,4.49671
5771,4.49731
5770,4.49792
5769,4.49853
5768,4.49913
5767,4.49974
5766,4.50035
5765,4.50095
5764,4.50156
5763,4.50217
5762,4.50278
5761,4.50338
5760,4.50399
5759,4.5046
5758,4.50521
5757,4.50582
5756,4.50643
5755,4.50704
5754,4.50765
5753,4.50826
5752,4.50887
5751,4.50948
5750,4.51009
5749,4.5107
5748,4.51131
5747,4.51192
5746,4.51253
5745,4.51314
5744,4.51375
5743,4.51437
5742,4.51498
5741,4.51559
5740,4.5162
5739,4.51681
5738,4.51743
5737,4.51804
5736,4.51865
5735,4.51927
5734,4.51988
5733,4.5205
5732,4.52111
5731,4.52172
5730,4.52234
5729,4.52295
5728,4.52357
5727,4.52418
5726,4.5248
5725,4.52541
5724,4.52603
5723,4.52665
5722,4.52726
5721,4.52788
5720,4.5285
5719,4.52911
5718,4.52973
5717,4.53035
5716,4.53097
5715,4.53158
5714,4.5322
5713,4.53282
5712,4.53344
5711,4.53406
5710,4.53468
5709,4.5353
5708,4.53591
5707,4.53653
5706,4.53715
5705,4.53777
5704,4.53839
5703,4.53901
5702,4.53964
5701,4.54026
5700,4.54088
5699,4.5415
5698,4.54212
5697,4.54274
5696,4.54336
5695,4.54381
5694,4.54426
5693,4.5447
5692,4.54515
5691,4.5456
5690,4.54605
5689,4.54649
5688,4.54712
5687,4.54756
5686,4.54801
5685,4.54846
5684,4.54891
5683,4.54936
5682,4.54981
5681,4.55026
5680,4.5507
5679,4.55115
5678,4.5516
5677,4.55205
5676,4.5525
5675,4.55295
5674,4.5534
5673,4.55385
5672,4.5543
5671,4.55475
5670,4.55538
5669,4.55601
5668,4.55646
5667,4.55691
5666,4.55736
5665,4.55781
5664,4.55844
5663,4.55889
5662,4.55934
5661,4.5598
5660,4.56042
5659,4.56088
5658,4.56133
5657,4.56196
5656,4.56241
5655,4.56304
5654,4.56349
5653,4.56395
5652,4.5644
5651,4.56486
5650,4.56531
5649,4.56576
5648,4.5664
5647,4.56685
5646,4.56748
5645,4.56794
5644,4.56839
5643,4.56885
5642,4.5693
5641,4.56976
5640,4.57021
5639,4.57067
5638,4.57112
5637,4.57158
5636,4.57204
5635,4.57267
5634,4.57313
5633,4.57358
5632,4.57404
5631,4.5745
5630,4.57496
5629,4.57541
5628,4.57587
5627,4.57633
5626,4.57679
5625,4.57724
5624,4.5777
5623,4.57834
5622,4.5788
5621,4.57926
5620,4.57972
5619,4.58017
5618,4.58063
5617,4.58109
5616,4.58155
5615,4.58201
5614,4.58247
5613,4.58293
5612,4.58339
5611,4.58385
5610,4.58449
5609,4.58513
5608,4.58559
5607,4.58605
5606,4.58651
5605,4.58698
5604,4.58744
5603,4.5879
5602,4.58836
5601,4.58882
5600,4.58929
5599,4.58975
5598,4.59021
5597,4.59067
5596,4.59132
5595,4.59178
5594,4.59224
5593,4.59271
5592,4.59335
5591,4.59381
5590,4.59428
5589,4.59474
5588,4.5952
5587,4.59567
5586,4.59613
5585,4.5966
5584,4.59706
5583,4.59753
5582,4.59799
5581,4.59864
5580,4.5991
5579,4.59957
5578,4.60004
5577,4.6005
5576,4.60115
5575,4.60161
5574,4.60208
5573,4.60255
5572,4.60302
5571,4.60348
5570,4.60395
5569,4.60442
5568,4.60489
5567,4.60535
5566,4.60582
5565,4.60629
5564,4.60676
5563,4.60723
5562,4.6077
5561,4.60816
5560,4.60863
5559,4.6091
5558,4.60957
5557,4.61004
5556,4.61051
5555,4.61098
5554,4.61145
5553,4.61192
5552,4.61239
5551,4.61286
5550,4.61333
5549,4.6138
5548,4.61428
5547,4.61475
5546,4.6154
5545,4.61605
5544,4.61652
5543,4.61717
5542,4.61765
5541,4.61812
5540,4.61859
5539,4.61906
5538,4.61954
5537,4.62001
5536,4.62048
5535,4.62114
5534,4.62161
5533,4.62209
5532,4.62256
5531,4.62303
5530,4.62351
5529,4.62398
5528,4.62446
5527,4.62493
5526,4.62541
5525,4.62588
5524,4.62636
5523,4.62683
5522,4.62731
5521,4.62778
5520,4.62844
5519,4.62892
5518,4.62939
5517,4.62987
5516,4.63035
5515,4.63083
5514,4.6313
5513,4.63178
5512,4.63244
5511,4.63292
5510,4.63339
5509,4.63387
5508,4.63435
5507,4.63483
5506,4.63531
5505,4.63579
5504,4.63645
5503,4.63711
5502,4.63777
5501,4.63825
5500,4.63873
5499,4.63921
5498,4.63969
5497,4.64035
5496,4.64083
5495,4.64131
5494,4.64179
5493,4.64227
5492,4.64294
5491,4.64342
5490,4.6439
5489,4.64438
5488,4.64486
5487,4.64534
5486,4.64583
5485,4.64631
5484,4.64679
5483,4.64727
5482,4.64776
5481,4.64842
5480,4.64891
5479,4.64939
5478,4.64987
5477,4.65036
5476,4.65084
5475,4.65151
5474,4.65199
5473,4.65248
5472,4.65296
5471,4.65345
5470,4.65411
5469,4.6546
5468,4.65508
5467,4.65557
5466,4.65606
5465,4.65654
5464,4.65703
5463,4.65751
5462,4.658
5461,4.65849
5460,4.65916
5459,4.65964
5458,4.66013
5457,4.6608
5456,4.66129
5455,4.66178
5454,4.66227
5453,4.66275
5452,4.66324
5451,4.66373
5450,4.66422
5449,4.66471
5448,4.6652
5447,4.66569
5446,4.66636
5445,4.66685
5444,4.66734
5443,4.66783
5442,4.66832
5441,4.66881
5440,4.6693
5439,4.66998
5438,4.67047
5437,4.67114
5436,4.67163
5435,4.67213
5434,4.6728
5433,4.67329
5432,4.67378
5431,4.67446
5430,4.67495
5429,4.67563
5428,4.67612
5427,4.67662
5426,4.67711
5425,4.67779
5424,4.67828
5423,4.67878
5422,4.67927
5421,4.67976
5420,4.68026
5419,4.68075
5418,4.68125
5417,4.68174
5416,4.68224
5415,4.68273
5414,4.68323
5413,4.68391
5412,4.68441
5411,4.68509
5410,4.68558
5409,4.68626
5408,4.68676
5407,4.68726
5406,4.68794
5405,4.68844
5404,4.68893
5403,4.68962
5402,4.6903
5401,4.6908
5400,4.6913
5399,4.69179
5398,4.69229
5397,4.69279
5396,4.69329
5395,4.69379
5394,4.69429
5393,4.69479
5392,4.69529
5391,4.69579
5390,4.69629
5389,4.69679
5388,4.69729
5387,4.69798
5386,4.69848
5385,4.69898
5384,4.69948
5383,4.69998
5382,4.70067
5381,4.70117
5380,4.70167
5379,4.70218
5378,4.70268
5377,4.70318
5376,4.70368
5375,4.70419
5374,4.70469
5373,4.70519
5372,4.7057
5371,4.7062
5370,4.7067
5369,4.70721
5368,4.70771
5367,4.70822
5366,4.70872
5365,4.70923
5364,4.70992
5363,4.71042
5362,4.71093
5361,4.71143
5360,4.71194
5359,4.71245
5358,4.71295
5357,4.71365
5356,4.71415
5355,4.71466
5354,4.71517
5353,4.71567
5352,4.71618
5351,4.71669
5350,4.7172
5349,4.71789
5348,4.7184
5347,4.71891
5346,4.71942
5345,4.71993
5344,4.72043
5343,4.72094
5342,4.72145
5341,4.72196
5340,4.72247
5339,4.72298
5338,4.72368
5337,4.72419
5336,4.7247
5335,4.72521
5334,4.72572
5333,4.72623
5332,4.72674
5331,4.72726
5330,4.72777
5329,4.72828
5328,4.72879
5327,4.7293
5326,4.72982
5325,4.73033
5324,4.73084
5323,4.73135
5322,4.73187
5321,4.73238
5320,4.73289
5319,4.73341
5318,4.73392
5317,4.73444
5316,4.73495
5315,4.73547
5314,4.73617
5313,4.73668
5312,4.7372
5311,4.73771
5310,4.73823
5309,4.73875
5308,4.73926
5307,4.73978
5306,4.74029
5305,4.74081
5304,4.74133
5303,4.74184
5302,4.74236
5301,4.74288
5300,4.7434
5299,4.74391
5298,4.74462
5297,4.74514
5296,4.74566
5295,4.74618
5294,4.74669
5293,4.74721
5292,4.74773
5291,4.74825
5290,4.74877
5289,4.74929
5288,4.74981
5287,4.75033
5286,4.75104
5285,4.75156
5284,4.75208
5283,4.7526
5282,4.75312
5281,4.75383
5280,4.75436
5279,4.75488
5278,4.7554
5277,4.75592
5276,4.75663
5275,4.75716
5274,4.75768
5273,4.7582
5272,4.75892
5271,4.75944
5270,4.75996
5269,4.76049
5268,4.76101
5267,4.76153
5266,4.76206
5265,4.76258
5264,4.76311
5263,4.76363
5262,4.76416
5261,4.76468
5260,4.76521
5259,4.76573
5258,4.76626
5257,4.76679
5256,4.76731
5255,4.76784
5254,4.76837
5253,4.76889
5252,4.76942
5251,4.76995
5250,4.77048
5249,4.771
5248,4.77153
5247,4.77206
5246,4.77259
5245,4.77312
5244,4.77365
5243,4.77418
5242,4.7747
5241,4.77523
5240,4.77576
5239,4.77629
5238,4.77682
5237,4.77735
5236,4.77788
5235,4.77841
5234,4.77914
5233,4.77967
5232,4.7802
5231,4.78073
5230,4.78126
5229,4.78179
5228,4.78233
5227,4.78305
5226,4.78358
5225,4.78411
5224,4.78484
5223,4.78537
5222,4.78591
5221,4.78644
5220,4.78697
5219,4.78751
5218,4.78804
5217,4.78858
5216,4.78911
5215,4.78965
5214,4.79018
5213,4.79091
5212,4.79144
5211,4.79198
5210,4.79251
5209,4.79305
5208,4.79359
5207,4.79412
5206,4.79466
5205,4.7952
5204,4.79593
5203,4.79646
5202,4.79719
5201,4.79792
5200,4.79846
5199,4.799
5198,4.79954
5197,4.80008
5196,4.80062
5195,4.80115
5194,4.80169
5193,4.80243
5192,4.80297
5191,4.80351
5190,4.80405
5189,4.80459
5188,4.80513
5187,4.80567
5186,4.80621
5185,4.80675
5184,4.80729
5183,4.80783
5182,4.80857
5181,4.8093
5180,4.80985
5179,4.81039
5178,4.81093
5177,4.81147
5176,4.81202
5175,4.81256
5174,4.8133
5173,4.81384
5172,4.81439
5171,4.81493
5170,4.81547
5169,4.81602
5168,4.81656
5167,4.8173
5166,4.81785
5165,4.81839
5164,4.81894
5163,4.81948
5162,4.82003
5161,4.82058
5160,4.82132
5159,4.82186
5158,4.82241
5157,4.82296
5156,4.82351
5155,4.82405
5154,4.8246
5153,4.82515
5152,4.8257
5151,4.82625
5150,4.8268
5149,4.82735
5148,4.82789
5147,4.82844
5146,4.82899
5145,4.82954
5144,4.83009
5143,4.83064
5142,4.83119
5141,4.83174
5140,4.8323
5139,4.83285
5138,4.8334
5137,4.83395
5136,4.8345
5135,4.83525
5134,4.8358
5133,4.83635
5132,4.8371
5131,4.83765
5130,4.83821
5129,4.83876
5128,4.83931
5127,4.83987
5126,4.84042
5125,4.84098
5124,4.84153
5123,4.84208
5122,4.84264
5121,4.84319
5120,4.84375
5119,4.84431
5118,4.84506
5117,4.84561
5116,4.84636
5115,4.84692
5114,4.84767
5113,4.84823
5112,4.84879
5111,4.84934
5110,4.8499
5109,4.85046
5108,4.85102
5107,4.85158
5106,4.85213
5105,4.85269
5104,4.85325
5103,4.85401
5102,4.85476
5101,4.85552
5100,4.85608
5099,4.85664
5098,4.8572
5097,4.85776
5096,4.85832
5095,4.85908
5094,4.85964
5093,4.8602
5092,4.86076
5091,4.86132
5090,4.86189
5089,4.86245
5088,4.86301
5087,4.86357
5086,4.86414
5085,4.8649
5084,4.86546
5083,4.86602
5082,4.86659
5081,4.86715
5080,4.86772
5079,4.86828
5078,4.86885
5077,4.86961
5076,4.87017
5075,4.87074
5074,4.8713
5073,4.87187
5072,4.87244
5071,4.873
5070,4.87357
5069,4.87414
5068,4.8747
5067,4.87527
5066,4.87584
5065,4.87641
5064,4.87697
5063,4.87774
5062,4.87831
5061,4.87888
5060,4.87945
5059,4.88002
5058,4.88059
5057,4.88115
5056,4.88192
5055,4.88249
5054,4.88326
5053,4.88403
5052,4.8846
5051,4.88517
5050,4.88574
5049,4.88631
5048,4.88689
5047,4.88766
5046,4.88823
5045,4.8888
5044,4.88937
5043,4.88995
5042,4.89052
5041,4.89109
5040,4.89167
5039,4.89224
5038,4.89281
5037,4.89339
5036,4.89396
5035,4.89454
5034,4.89511
5033,4.89589
5032,4.89646
5031,4.89704
5030,4.89761
5029,4.89819
5028,4.89877
5027,4.89934
5026,4.89992
5025,4.9005
5024,4.90107
5023,4.90165
5022,4.90223
5021,4.90281
5020,4.90339
5019,4.90396
5018,4.90454
5017,4.90512
5016,4.9057
5015,4.90628
5014,4.90686
5013,4.90744
5012,4.90802
5011,4.9088
5010,4.90938
5009,4.90996
5008,4.91054
5007,4.91112
5006,4.91171
5005,4.91229
5004,4.91287
5003,4.91345
5002,4.91403
5001,4.91462
5000,4.9152
4999,4.91578
4998,4.91637
4997,4.91695
4996,4.91753
4995,4.91812
4994,4.9187
4993,4.91929
4992,4.92007
4991,4.92086
4990,4.92144
4989,4.92203
4988,4.92261
4987,4.9232
4986,4.92379
4985,4.92437
4984,4.92496
4983,4.92575
4982,4.92633
4981,4.92692
4980,4.92751
4979,4.9283
4978,4.92889
4977,4.92948
4976,4.93006
4975,4.93065
4974,4.93124
4973,4.93203
4972,4.93262
4971,4.93321
4970,4.934
4969,4.9348
4968,4.93559
4967,4.93618
4966,4.93677
4965,4.93736
4964,4.93795
4963,4.93855
4962,4.93934
4961,4.93993
4960,4.94052
4959,4.94112
4958,4.94171
4957,4.9423
4956,4.9429
4955,4.94349
4954,4.94409
4953,4.94468
4952,4.94527
4951,4.94587
4950,4.94646
4949,4.94706
4948,4.94766
4947,4.94825
4946,4.94885
4945,4.94944
4944,4.95024
4943,4.95084
4942,4.95144
4941,4.95203
4940,4.95283
4939,4.95343
4938,4.95403
4937,4.95463
4936,4.95523
4935,4.95583
4934,4.95642
4933,4.95702
4932,4.95762
4931,4.95822
4930,4.95882
4929,4.95942
4928,4.96002
4927,4.96063
4926,4.96123
4925,4.96183
4924,4.96243
4923,4.96303
4922,4.96363
4921,4.96423
4920,4.96484
4919,4.96544
4918,4.96604
4917,4.96665
4916,4.96725
4915,4.96785
4914,4.96846
4913,4.96906
4912,4.96967
4911,4.97027
4910,4.97108
4909,4.97168
4908,4.97229
4907,4.9729
4906,4.97371
4905,4.97431
4904,4.97492
4903,4.97553
4902,4.97613
4901,4.97674
4900,4.97735
4899,4.97795
4898,4.97856
4897,4.97917
4896,4.97978
4895,4.98039
4894,4.981
4893,4.98161
4892,4.98222
4891,4.98283
4890,4.98344
4889,4.98405
4888,4.98466
4887,4.98527
4886,4.98608
4885,4.98669
4884,4.98731
4883,4.98792
4882,4.98853
4881,4.98914
4880,4.98975
4879,4.99037
4878,4.99098
4877,4.99159
4876,4.99221
4875,4.99282
4874,4.99343
4873,4.99405
4872,4.99466
4871,4.99528
4870,4.99589
4869,4.99651
4868,4.99712
4867,4.99795
4866,4.99877
4865,4.99938
4864,5
4863,5.00062
4862,5.00123
4861,5.00185
4860,5.00247
4859,5.00329
4858,5.00391
4857,5.00453
4856,5.00515
4855,5.00577
4854,5.00639
4853,5.00701
4852,5.00763
4851,5.00825
4850,5.00887
4849,5.00949
4848,5.01011
4847,5.01073
4846,5.01135
4845,5.01197
4844,5.01259
4843,5.01321
4842,5.01384
4841,5.01446
4840,5.01508
4839,5.01571
4838,5.01633
4837,5.01695
4836,5.01758
4835,5.0182
4834,5.01882
4833,5.01945
4832,5.02007
4831,5.0207
4830,5.02133
4829,5.02195
4828,5.02258
4827,5.0232
4826,5.02383
4825,5.02446
4824,5.02508
4823,5.02592
4822,5.02655
4821,5.02717
4820,5.0278
4819,5.02864
4818,5.02927
4817,5.02989
4816,5.03052
4815,5.03115
4814,5.03178
4813,5.03241
4812,5.03304
4811,5.03367
4810,5.0343
4809,5.03514
4808,5.03577
4807,5.03641
4806,5.03704
4805,5.03767
4804,5.0383
4803,5.03893
4802,5.03957
4801,5.0402
4800,5.04104
4799,5.04168
4798,5.04231
4797,5.04294
4796,5.04358
4795,5.04421
4794,5.04485
4793,5.04548
4792,5.04612
4791,5.04675
4790,5.04739
4789,5.04803
4788,5.04866
4787,5.0493
4786,5.04994
4785,5.05057
4784,5.05142
4783,5.05206
4782,5.0527
4781,5.05334
4780,5.05397
4779,5.05461
4778,5.05525
4777,5.05589
4776,5.05674
4775,5.05738
4774,5.05802
4773,5.05866
4772,5.0593
4771,5.05995
4770,5.06059
4769,5.06123
4768,5.06187
4767,5.06251
4766,5.06316
4765,5.0638
4764,5.06465
4763,5.06529
4762,5.06594
4761,5.06658
4760,5.06723
4759,5.06787
4758,5.06852
4757,5.06916
4756,5.07002
4755,5.07066
4754,5.07131
4753,5.07195
4752,5.07281
4751,5.07346
4750,5.07411
4749,5.07475
4748,5.0754
4747,5.07605
4746,5.0767
4745,5.07734
4744,5.07799
4743,5.07885
4742,5.0795
4741,5.08015
4740,5.0808
4739,5.08145
4738,5.0821
4737,5.08275
4736,5.0834
4735,5.08405
4734,5.08492
4733,5.08557
4732,5.08643
4731,5.08709
4730,5.08774
4729,5.08839
4728,5.08904
4727,5.0897
4726,5.09035
4725,5.09101
4724,5.09166
4723,5.09231
4722,5.09297
4721,5.09362
4720,5.09428
4719,5.09494
4718,5.09559
4717,5.09625
4716,5.0969
4715,5.09756
4714,5.09822
4713,5.09888
4712,5.09953
4711,5.10019
4710,5.10085
4709,5.10151
4708,5.10217
4707,5.10283
4706,5.10348
4705,5.10414
4704,5.1048
4703,5.10546
4702,5.10613
4701,5.10679
4700,5.10745
4699,5.10811
4698,5.10877
4697,5.10943
4696,5.11009
4695,5.11076
4694,5.11142
4693,5.11229
4692,5.11296
4691,5.11362
4690,5.11429
4689,5.11495
4688,5.11561
4687,5.11628
4686,5.11694
4685,5.11761
4684,5.11827
4683,5.11894
4682,5.11961
4681,5.12027
4680,5.12094
4679,5.12161
4678,5.12227
4677,5.12294
4676,5.12361
4675,5.12428
4674,5.12516
4673,5.12604
4672,5.12693
4671,5.1276
4670,5.12827
4669,5.12894
4668,5.12961
4667,5.13028
4666,5.13095
4665,5.13162
4664,5.13229
4663,5.13296
4662,5.13363
4661,5.13431
4660,5.13498
4659,5.13565
4658,5.13632
4657,5.137
4656,5.13767
4655,5.13835
4654,5.13902
4653,5.13969
4652,5.14037
4651,5.14104
4650,5.14172
4649,5.1424
4648,5.14307
4647,5.14375
4646,5.14443
4645,5.1451
4644,5.14578
4643,5.14646
4642,5.14713
4641,5.14781
4640,5.14849
4639,5.14917
4638,5.14985
4637,5.15053
4636,5.15121
4635,5.1521
4634,5.15278
4633,5.15346
4632,5.15415
4631,5.15483
4630,5.15551
4629,5.15619
4628,5.15687
4627,5.15755
4626,5.15824
4625,5.15892
4624,5.1596
4623,5.16029
4622,5.16097
4621,5.16187
4620,5.16255
4619,5.16324
4618,5.16392
4617,5.16461
4616,5.16529
4615,5.16598
4614,5.16667
4613,5.16757
4612,5.16826
4611,5.16894
4610,5.16963
4609,5.17032
4608,5.17101
4607,5.1717
4606,5.17238
4605,5.17307
4604,5.17376
4603,5.17445
4602,5.17514
4601,5.17583
4600,5.17652
4599,5.17721
4598,5.1779
4597,5.17859
4596,5.17929
4595,5.17998
4594,5.18067
4593,5.18158
4592,5.18227
4591,5.18297
4590,5.18366
4589,5.18435
4588,5.18505
4587,5.18596
4586,5.18666
4585,5.18735
4584,5.18805
4583,5.18874
4582,5.18944
4581,5.19013
4580,5.19083
4579,5.19153
4578,5.19222
4577,5.19292
4576,5.19362
4575,5.19432
4574,5.19502
4573,5.19571
4572,5.19641
4571,5.19711
4570,5.19781
4569,5.19851
4568,5.19921
4567,5.19991
4566,5.20061
4565,5.20131
4564,5.20202
4563,5.20272
4562,5.20342
4561,5.20412
4560,5.20482
4559,5.20553
4558,5.20623
4557,5.20693
4556,5.20764
4555,5.20834
4554,5.20905
4553,5.20975
4552,5.21046
4551,5.21116
4550,5.21187
4549,5.21257
4548,5.21328
4547,5.21399
4546,5.21469
4545,5.2154
4544,5.21611
4543,5.21682
4542,5.21753
4541,5.21823
4540,5.21894
4539,5.21987
4538,5.22058
4537,5.22129
4536,5.222
4535,5.22271
4534,5.22342
4533,5.22413
4532,5.22507
4531,5.22578
4530,5.22649
4529,5.2272
4528,5.22792
4527,5.22863
4526,5.22934
4525,5.23006
4524,5.23077
4523,5.23148
4522,5.2322
4521,5.23291
4520,5.23363
4519,5.23434
4518,5.23506
4517,5.23578
4516,5.23649
4515,5.23743
4514,5.23815
4513,5.23887
4512,5.23958
4511,5.2403
4510,5.24102
4509,5.24174
4508,5.24246
4507,5.24318
4506,5.2439
4505,5.24462
4504,5.24534
4503,5.24606
4502,5.24678
4501,5.2475
4500,5.24822
4499,5.24917
4498,5.24989
4497,5.25061
4496,5.25156
4495,5.25228
4494,5.253
4493,5.25373
4492,5.25445
4491,5.25518
4490,5.2559
4489,5.25663
4488,5.25735
4487,5.25808
4486,5.25881
4485,5.25953
4484,5.26026
4483,5.26099
4482,5.26171
4481,5.26244
4480,5.26317
4479,5.2639
4478,5.26463
4477,5.26536
4476,5.26609
4475,5.26682
4474,5.26755
4473,5.26828
4472,5.26923
4471,5.26996
4470,5.27069
4469,5.27143
4468,5.27216
4467,5.27289
4466,5.27362
4465,5.27436
4464,5.27509
4463,5.27582
4462,5.27656
4461,5.27729
4460,5.27803
4459,5.27876
4458,5.2795
4457,5.28023
4456,5.28097
4455,5.28171
4454,5.28267
4453,5.2834
4452,5.28414
4451,5.28488
4450,5.28562
4449,5.28658
4448,5.28732
4447,5.28806
4446,5.2888
4445,5.28954
4444,5.29028
4443,5.29102
4442,5.29176
4441,5.2925
4440,5.29324
4439,5.29399
4438,5.29473
4437,5.2957
4436,5.29644
4435,5.29718
4434,5.29793
4433,5.29867
4432,5.29941
4431,5.30016
4430,5.3009
4429,5.30165
4428,5.30239
4427,5.30337
4426,5.30411
4425,5.30486
4424,5.30561
4423,5.30635
4422,5.3071
4421,5.30785
4420,5.3086
4419,5.30935
4418,5.3101
4417,5.31107
4416,5.31182
4415,5.31257
4414,5.31355
4413,5.3143
4412,5.31505
4411,5.3158
4410,5.31655
4409,5.31731
4408,5.31806
4407,5.31881
4406,5.31956
4405,5.32032
4404,5.32107
4403,5.32183
4402,5.32258
4401,5.32334
4400,5.32409
4399,5.32485
4398,5.3256
4397,5.32636
4396,5.32712
4395,5.32787
4394,5.32863
4393,5.32939
4392,5.33015
4391,5.3309
4390,5.33166
4389,5.33242
4388,5.33318
4387,5.33394
4386,5.3347
4385,5.33546
4384,5.33622
4383,5.33698
4382,5.33775
4381,5.33851
4380,5.33927
4379,5.34003
4378,5.34079
4377,5.34156
4376,5.34232
4375,5.34309
4374,5.34385
4373,5.34461
4372,5.34538
4371,5.34615
4370,5.34691
4369,5.34768
4368,5.34867
4367,5.34944
4366,5.35021
4365,5.35097
4364,5.35174
4363,5.35274
4362,5.35351
4361,5.35428
4360,5.35505
4359,5.35582
4358,5.35659
4357,5.35736
4356,5.35813
4355,5.3589
4354,5.35967
4353,5.36044
4352,5.36121
4351,5.36199
4350,5.36276
4349,5.36353
4348,5.36431
4347,5.36531
4346,5.36608
4345,5.36686
4344,5.36763
4343,5.36841
4342,5.36918
4341,5.36996
4340,5.37074
4339,5.37151
4338,5.37229
4337,5.37307
4336,5.37385
4335,5.37463
4334,5.3754
4333,5.37618
4332,5.37719
4331,5.37797
4330,5.37875
4329,5.37953
4328,5.38031
4327,5.3811
4326,5.38188
4325,5.38266
4324,5.38344
4323,5.38422
4322,5.38501
4321,5.38579
4320,5.38657
4319,5.38736
4318,5.38814
4317,5.38893
4316,5.38971
4315,5.3905
4314,5.39128
4313,5.39207
4312,5.39286
4311,5.39364
4310,5.39443
4309,5.39522
4308,5.39601
4307,5.3968
4306,5.39758
4305,5.39837
4304,5.39916
4303,5.39995
4302,5.40074
4301,5.40153
4300,5.40233
4299,5.40312
4298,5.40391
4297,5.4047
4296,5.40549
4295,5.40629
4294,5.40708
4293,5.40764
4292,5.4082
4291,5.40876
4290,5.40932
4289,5.41012
4288,5.41068
4287,5.41124
4286,5.41204
4285,5.4126
4284,5.41317
4283,5.41396
4282,5.41476
4281,5.41532
4280,5.41589
4279,5.41645
4278,5.41725
4277,5.41782
4276,5.41838
4275,5.41895
4274,5.41951
4273,5.42031
4272,5.42111
4271,5.42168
4270,5.42225
4269,5.42305
4268,5.42362
4267,5.42419
4266,5.42475
4265,5.42532
4264,5.42613
4263,5.42693
4262,5.42773
4261,5.4283
4260,5.42887
4259,5.42944
4258,5.43001
4257,5.43058
4256,5.43116
4255,5.43173
4254,5.4323
4253,5.43287
4252,5.43368
4251,5.43425
4250,5.43482
4249,5.43563
4248,5.43644
4247,5.43701
4246,5.43759
4245,5.4384
4244,5.43921
4243,5.43978
4242,5.44036
4241,5.44093
4240,5.44151
4239,5.44209
4238,5.44266
4237,5.44324
4236,5.44381
4235,5.44439
4234,5.44497
4233,5.44555
4232,5.44612
4231,5.4467
4230,5.44728
4229,5.44786
4228,5.44844
4227,5.44902
4226,5.4496
4225,5.45041
4224,5.45147
4223,5.45252
4222,5.4531
4221,5.45368
4220,5.45427
4219,5.45508
4218,5.4559
4217,5.45649
4216,5.45707
4215,5.45765
4214,5.45823
4213,5.45882
4212,5.4594
4211,5.45999
4210,5.46057
4209,5.46115
4208,5.46174
4207,5.46232
4206,5.46291
4205,5.46373
4204,5.46432
4203,5.46491
4202,5.46549
4201,5.46608
4200,5.4669
4199,5.46773
4198,5.46856
4197,5.46938
4196,5.46997
4195,5.47056
4194,5.47115
4193,5.47174
4192,5.47233
4191,5.47316
4190,5.47375
4189,5.47434
4188,5.47493
4187,5.47552
4186,5.47635
4185,5.47718
4184,5.47801
4183,5.4786
4182,5.4792
4181,5.47979
4180,5.48038
4179,5.48098
4178,5.48157
4177,5.48216
4176,5.48276
4175,5.48335
4174,5.48395
4173,5.48454
4172,5.48514
4171,5.48597
4170,5.48681
4169,5.48741
4168,5.488
4167,5.4886
4166,5.4892
4165,5.4898
4164,5.49039
4163,5.49123
4162,5.49183
4161,5.49243
4160,5.49303
4159,5.49363
4158,5.49423
4157,5.49483
4156,5.49543
4155,5.49603
4154,5.49687
4153,5.49747
4152,5.49807
4151,5.49868
4150,5.49928
4149,5.49988
4148,5.50048
4147,5.50109
4146,5.50169
4145,5.50229
4144,5.5029
4143,5.50374
4142,5.50435
4141,5.50495
4140,5.50556
4139,5.50616
4138,5.50701
4137,5.50761
4136,5.50846
4135,5.50955
4134,5.51016
4133,5.51077
4132,5.51162
4131,5.51271
4130,5.51332
4129,5.51393
4128,5.51453
4127,5.51514
4126,5.51575
4125,5.51661
4124,5.51722
4123,5.51783
4122,5.51844
4121,5.51905
4120,5.5199
4119,5.52076
4118,5.52161
4117,5.52247
4116,5.52332
4115,5.52394
4114,5.52455
4113,5.52516
4112,5.52578
4111,5.52639
4110,5.52701
4109,5.52762
4108,5.52824
4107,5.52885
4106,5.52947
4105,5.53009
4104,5.5307
4103,5.53132
4102,5.53194
4101,5.5328
4100,5.53366
4099,5.53428
4098,5.53514
4097,5.53576
4096,5.53638
4095,5.537
4094,5.53762
4093,5.53824
4092,5.53886
4091,5.53948
4090,5.5401
4089,5.54096
4088,5.54159
4087,5.54221
4086,5.54283
4085,5.54345
4084,5.54407
4083,5.5447
4082,5.54557
4081,5.54619
4080,5.54681
4079,5.54744
4078,5.54806
4077,5.54869
4076,5.54931
4075,5.54994
4074,5.55056
4073,5.55119
4072,5.55182
4071,5.55244
4070,5.55307
4069,5.55394
4068,5.55457
4067,5.5552
4066,5.55583
4065,5.55646
4064,5.55733
4063,5.55845
4062,5.55908
4061,5.55971
4060,5.56034
4059,5.56098
4058,5.56161
4057,5.56224
4056,5.56287
4055,5.5635
4054,5.56413
4053,5.56477
4052,5.5654
4051,5.56603
4050,5.56667
4049,5.56755
4048,5.56843
4047,5.56906
4046,5.56995
4045,5.57083
4044,5.57171
4043,5.57259
4042,5.57323
4041,5.57387
4040,5.57475
4039,5.57564
4038,5.57652
4037,5.57716
4036,5.5778
4035,5.57844
4034,5.57908
4033,5.57972
4032,5.58036
4031,5.581
4030,5.58164
4029,5.58253
4028,5.58317
4027,5.58381
4026,5.5847
4025,5.58534
4024,5.58598
4023,5.58663
4022,5.58727
4021,5.58791
4020,5.58856
4019,5.58945
4018,5.59009
4017,5.59074
4016,5.59138
4015,5.59203
4014,5.59268
4013,5.59332
4012,5.59397
4011,5.59461
4010,5.59526
4009,5.59591
4008,5.59681
4007,5.59745
4006,5.5981
4005,5.59875
4004,5.5994
4003,5.60005
4002,5.6007
4001,5.60135
4000,5.602
3999,5.60265
3998,5.60355
3997,5.6047
3996,5.60536
3995,5.60601
3994,5.60666
3993,5.60731
3992,5.60797
3991,5.60862
3990,5.60952
3989,5.61018
3988,5.61108
3987,5.61174
3986,5.61239
3985,5.61305
3984,5.61396
3983,5.61461
3982,5.61552
3981,5.61643
3980,5.61709
3979,5.61774
3978,5.6184
3977,5.61931
3976,5.62022
3975,5.62088
3974,5.62154
3973,5.6222
3972,5.62311
3971,5.62377
3970,5.62443
3969,5.62535
3968,5.62626
3967,5.62717
3966,5.62784
3965,5.6285
3964,5.62916
3963,5.62983
3962,5.63049
3961,5.63115
3960,5.63182
3959,5.63248
3958,5.63315
3957,5.63381
3956,5.63448
3955,5.63515
3954,5.63581
3953,5.63648
3952,5.63715
3951,5.63781
3950,5.63848
3949,5.63915
3948,5.63982
3947,5.64049
3946,5.64141
3945,5.64208
3944,5.64275
3943,5.64342
3942,5.64434
3941,5.64501
3940,5.64569
3939,5.64636
3938,5.64703
3937,5.6477
3936,5.64837
3935,5.64905
3934,5.64972
3933,5.65039
3932,5.65107
3931,5.65174
3930,5.65242
3929,5.65309
3928,5.65377
3927,5.65444
3926,5.65537
3925,5.65605
3924,5.65673
3923,5.65741
3922,5.65808
3921,5.65902
3920,5.65969
3919,5.66037
3918,5.66105
3917,5.66173
3916,5.66241
3915,5.66309
3914,5.66377
3913,5.66445
3912,5.66513
3911,5.66607
3910,5.66675
3909,5.66743
3908,5.66812
3907,5.6688
3906,5.66948
3905,5.67017
3904,5.67085
3903,5.67153
3902,5.67222
3901,5.6729
3900,5.67359
3899,5.67428
3898,5.67496
3897,5.67565
3896,5.67633
3895,5.67702
3894,5.67771
3893,5.6784
3892,5.67909
3891,5.67977
3890,5.68046
3889,5.68115
3888,5.68184
3887,5.68253
3886,5.68322
3885,5.68391
3884,5.6846
3883,5.68529
3882,5.68599
3881,5.68694
3880,5.68763
3879,5.68832
3878,5.68927
3877,5.68997
3876,5.69066
3875,5.69135
3874,5.69205
3873,5.69274
3872,5.69344
3871,5.69439
3870,5.69509
3869,5.69579
3868,5.69674
3867,5.69744
3866,5.69814
3865,5.69884
3864,5.69953
3863,5.70023
3862,5.70093
3861,5.70163
3860,5.70233
3859,5.70303
3858,5.70373
3857,5.70443
3856,5.70513
3855,5.70584
3854,5.70654
3853,5.70724
3852,5.70794
3851,5.70891
3850,5.70961
3849,5.71031
3848,5.71102
3847,5.71198
3846,5.71269
3845,5.71339
3844,5.7141
3843,5.71481
3842,5.71577
3841,5.71674
3840,5.71745
3839,5.71816
3838,5.71886
3837,5.71983
3836,5.72054
3835,5.72125
3834,5.72196
3833,5.72267
3832,5.72338
3831,5.72409
3830,5.7248
3829,5.72552
3828,5.72623
3827,5.72694
3826,5.72791
3825,5.72889
3824,5.7296
3823,5.73032
3822,5.73103
3821,5.73175
3820,5.73246
3819,5.73318
3818,5.73389
3817,5.73461
3816,5.73532
3815,5.73604
3814,5.73676
3813,5.73748
3812,5.7382
3811,5.73891
3810,5.7399
3809,5.74114
3808,5.74212
3807,5.74284
3806,5.74356
3805,5.74428
3804,5.74527
3803,5.74599
3802,5.74671
3801,5.74743
3800,5.74816
3799,5.74888
3798,5.74961
3797,5.75033
3796,5.75105
3795,5.75178
3794,5.7525
3793,5.75323
3792,5.75396
3791,5.75468
3790,5.75541
3789,5.75614
3788,5.75686
3787,5.75759
3786,5.75858
3785,5.75958
3784,5.76031
3783,5.7613
3782,5.76203
3781,5.76276
3780,5.76349
3779,5.76422
3778,5.76496
3777,5.76569
3776,5.76642
3775,5.76715
3774,5.76789
3773,5.76862
3772,5.76962
3771,5.77035
3770,5.77109
3769,5.77182
3768,5.77256
3767,5.77329
3766,5.77403
3765,5.77477
3764,5.7755
3763,5.77624
3762,5.77698
3761,5.77772
3760,5.77846
3759,5.7792
3758,5.77994
3757,5.78068
3756,5.78142
3755,5.78242
3754,5.78316
3753,5.78391
3752,5.78465
3751,5.78539
3750,5.78613
3749,5.78688
3748,5.78762
3747,5.78836
3746,5.78911
3745,5.78985
3744,5.7906
3743,5.79134
3742,5.79209
3741,5.79284
3740,5.79358
3739,5.7946
3738,5.79535
3737,5.79609
3736,5.79684
3735,5.79759
3734,5.79834
3733,5.79909
3732,5.79984
3731,5.80059
3730,5.80134
3729,5.80209
3728,5.80284
3727,5.8036
3726,5.80435
3725,5.8051
3724,5.80612
3723,5.80688
3722,5.80763
3721,5.80865
3720,5.80968
3719,5.81043
3718,5.81146
3717,5.81221
3716,5.81297
3715,5.81373
3714,5.81449
3713,5.81551
3712,5.81627
3711,5.81703
3710,5.81779
3709,5.81855
3708,5.81931
3707,5.82007
3706,5.82083
3705,5.82159
3704,5.82262
3703,5.82339
3702,5.82442
3701,5.82545
3700,5.82649
3699,5.82725
3698,5.82802
3697,5.82878
3696,5.82955
3695,5.83031
3694,5.83108
3693,5.83184
3692,5.83261
3691,5.83338
3690,5.83415
3689,5.83491
3688,5.83568
3687,5.83672
3686,5.83776
3685,5.83881
3684,5.83958
3683,5.84035
3682,5.84112
3681,5.84189
3680,5.84266
3679,5.84344
3678,5.84421
3677,5.84498
3676,5.84576
3675,5.84653
3674,5.84731
3673,5.84808
3672,5.84886
3671,5.84963
3670,5.85041
3669,5.85119
3668,5.85224
3667,5.85329
3666,5.85406
3665,5.85484
3664,5.85562
3663,5.8564
3662,5.85718
3661,5.85796
3660,5.85874
3659,5.85952
3658,5.86031
3657,5.86109
3656,5.86187
3655,5.86293
3654,5.86371
3653,5.86449
3652,5.86555
3651,5.86634
3650,5.86712
3649,5.86791
3648,5.8687
3647,5.86948
3646,5.87027
3645,5.87106
3644,5.87184
3643,5.87291
3642,5.8737
3641,5.87449
3640,5.87555
3639,5.87634
3638,5.87713
3637,5.87792
3636,5.87871
3635,5.8795
3634,5.88057
3633,5.88137
3632,5.88243
3631,5.88323
3630,5.88402
3629,5.88482
3628,5.88561
3627,5.88641
3626,5.8872
3625,5.888
3624,5.8888
3623,5.88959
3622,5.89039
3621,5.89119
3620,5.89199
3619,5.89279
3618,5.89359
3617,5.89439
3616,5.89546
3615,5.89627
3614,5.89707
3613,5.89787
3612,5.89867
3611,5.89947
3610,5.90055
3609,5.90136
3608,5.90216
3607,5.90297
3606,5.90377
3605,5.90458
3604,5.90538
3603,5.90619
3602,5.907
3601,5.90808
3600,5.90889
3599,5.9097
3598,5.91051
3597,5.91131
3596,5.91212
3595,5.91321
3594,5.91402
3593,5.91483
3592,5.91565
3591,5.91646
3590,5.91727
3589,5.91808
3588,5.9189
3587,5.91971
3586,5.9208
3585,5.92162
3584,5.92271
3583,5.92353
3582,5.92462
3581,5.92544
3580,5.92626
3579,5.92735
3578,5.92817
3577,5.92899
3576,5.92981
3575,5.93063
3574,5.93145
3573,5.93255
3572,5.93365
3571,5.93447
3570,5.93529
3569,5.93612
3568,5.93694
3567,5.93776
3566,5.93859
3565,5.93941
3564,5.94024
3563,5.94106
3562,5.94189
3561,5.94299
3560,5.94382
3559,5.94465
3558,5.94547
3557,5.9463
3556,5.94713
3555,5.94796
3554,5.94879
3553,5.94962
3552,5.95045
3551,5.95128
3550,5.95211
3549,5.95294
3548,5.95406
3547,5.95489
3546,5.95572
3545,5.95656
3544,5.95739
3543,5.95823
3542,5.95906
3541,5.9599
3540,5.96073
3539,5.96157
3538,5.96241
3537,5.96325
3536,5.96408
3535,5.96492
3534,5.96576
3533,5.9666
3532,5.96744
3531,5.96856
3530,5.96941
3529,5.97025
3528,5.97109
3527,5.97193
3526,5.97277
3525,5.97362
3524,5.97446
3523,5.97531
3522,5.97615
3521,5.97728
3520,5.97869
3519,5.98011
3518,5.98124
3517,5.98209
3516,5.98294
3515,5.98378
3514,5.98492
3513,5.98577
3512,5.9869
3511,5.98804
3510,5.98917
3509,5.99031
3508,5.99116
3507,5.99202
3506,5.99287
3505,5.99372
3504,5.99458
3503,5.99572
3502,5.99657
3501,5.99771
3500,5.99857
3499,5.99943
3498,6.00029
3497,6.00114
3496,6.002
3495,6.00286
3494,6.00372
3493,6.00487
3492,6.00573
3491,6.00659
3490,6.00745
3489,6.00831
3488,6.00917
3487,6.01004
3486,6.0109
3485,6.01176
3484,6.01263
3483,6.01349
3482,6.01436
3481,6.01523
3480,6.01609
3479,6.01696
3478,6.01783
3477,6.01869
3476,6.01956
3475,6.02043
3474,6.0213
3473,6.02217
3472,6.02304
3471,6.0242
3470,6.02507
3469,6.02594
3468,6.02682
3467,6.02769
3466,6.02856
3465,6.02944
3464,6.03031
3463,6.03148
3462,6.03235
3461,6.03352
3460,6.03468
3459,6.03556
3458,6.03644
3457,6.03732
3456,6.03819
3455,6.03907
3454,6.03995
3453,6.04083
3452,6.04171
3451,6.0426
3450,6.04348
3449,6.04436
3448,6.04524
3447,6.04613
3446,6.04701
3445,6.0479
3444,6.04878
3443,6.04967
3442,6.05055
3441,6.05144
3440,6.05233
3439,6.0535
3438,6.05468
3437,6.05557
3436,6.05646
3435,6.05764
3434,6.05853
3433,6.05942
3432,6.06031
3431,6.06121
3430,6.0621
3429,6.06299
3428,6.06389
3427,6.06478
3426,6.06567
3425,6.06657
3424,6.06746
3423,6.06836
3422,6.06926
3421,6.07015
3420,6.07105
3419,6.07195
3418,6.07285
3417,6.07375
3416,6.07465
3415,6.07555
3414,6.07645
3413,6.07735
3412,6.07825
3411,6.07916
3410,6.08006
3409,6.08096
3408,6.08187
3407,6.08277
3406,6.08368
3405,6.08458
3404,6.08578
3403,6.08669
3402,6.0876
3401,6.0885
3400,6.08941
3399,6.09061
3398,6.09182
3397,6.09302
3396,6.09393
3395,6.09485
3394,6.09576
3393,6.09667
3392,6.09758
3391,6.0985
3390,6.09941
3389,6.10032
3388,6.10124
3387,6.10216
3386,6.10307
3385,6.10399
3384,6.10491
3383,6.10582
3382,6.10674
3381,6.10766
3380,6.10858
3379,6.1095
3378,6.11042
3377,6.11134
3376,6.11226
3375,6.11319
3374,6.11411
3373,6.11503
3372,6.11595
3371,6.11688
3370,6.1178
3369,6.11873
3368,6.11966
3367,6.12058
3366,6.12151
3365,6.12244
3364,6.12337
3363,6.12429
3362,6.12522
3361,6.12615
3360,6.12708
3359,6.12801
3358,6.12895
3357,6.12988
3356,6.13081
3355,6.13174
3354,6.13268
3353,6.13361
3352,6.13455
3351,6.13548
3350,6.13642
3349,6.13735
3348,6.13829
3347,6.13923
3346,6.14017
3345,6.14111
3344,6.14205
3343,6.14299
3342,6.14393
3341,6.14517
3340,6.14611
3339,6.14705
3338,6.14799
3337,6.14894
3336,6.14988
3335,6.15082
3334,6.15177
3333,6.15272
3332,6.15366
3331,6.15461
3330,6.15556
3329,6.1565
3328,6.15745
3327,6.1584
3326,6.15935
3325,6.1603
3324,6.16125
3323,6.1622
3322,6.16315
3321,6.16411
3320,6.16506
3319,6.16601
3318,6.16727
3317,6.16822
3316,6.16918
3315,6.17014
3314,6.17109
3313,6.17205
3312,6.17301
3311,6.17397
3310,6.17492
3309,6.17588
3308,6.17684
3307,6.1778
3306,6.17877
3305,6.17973
3304,6.18099
3303,6.18196
3302,6.18292
3301,6.18388
3300,6.18485
3299,6.18581
3298,6.18678
3297,6.18775
3296,6.18871
3295,6.18968
3294,6.19065
3293,6.19162
3292,6.19289
3291,6.19386
3290,6.19483
3289,6.1958
3288,6.19678
3287,6.19775
3286,6.19872
3285,6.1997
3284,6.20067
3283,6.20164
3282,6.20262
3281,6.2036
3280,6.20457
3279,6.20555
3278,6.20653
3277,6.20751
3276,6.20849
3275,6.20947
3274,6.21045
3273,6.21143
3272,6.21241
3271,6.21339
3270,6.21437
3269,6.21536
3268,6.21634
3267,6.21732
3266,6.21831
3265,6.2193
3264,6.22028
3263,6.22127
3262,6.22226
3261,6.22324
3260,6.22423
3259,6.22522
3258,6.22621
3257,6.2272
3256,6.22819
3255,6.22919
3254,6.23018
3253,6.23117
3252,6.23216
3251,6.23316
3250,6.23415
3249,6.23515
3248,6.23615
3247,6.23714
3246,6.23814
3245,6.23914
3244,6.24014
3243,6.24113
3242,6.24213
3241,6.24313
3240,6.24414
3239,6.24514
3238,6.24614
3237,6.24745
3236,6.24815
3235,6.24884
3234,6.24954
3233,6.25023
3232,6.25124
3231,6.25224
3230,6.25294
3229,6.25364
3228,6.25434
3227,6.25504
3226,6.25573
3225,6.25643
3224,6.25713
3223,6.25783
3222,6.25854
3221,6.25924
3220,6.25994
3219,6.26064
3218,6.26134
3217,6.26236
3216,6.26306
3215,6.26376
3214,6.26447
3213,6.26517
3212,6.26619
3211,6.26721
3210,6.26822
3209,6.26924
3208,6.27026
3207,6.27097
3206,6.27168
3205,6.27239
3204,6.2731
3203,6.27412
3202,6.27514
3201,6.27616
3200,6.27688
3199,6.27759
3198,6.2783
3197,6.27901
3196,6.28004
3195,6.28106
3194,6.28178
3193,6.28249
3192,6.28321
3191,6.28392
3190,6.28464
3189,6.28536
3188,6.28607
3187,6.28679
3186,6.28751
3185,6.28823
3184,6.28894
3183,6.28966
3182,6.29038
3181,6.2911
3180,6.29182
3179,6.29254
3178,6.29327
3177,6.29399
3176,6.29503
3175,6.29606
3174,6.2971
3173,6.29783
3172,6.29855
3171,6.29927
3170,6.30032
3169,6.30136
3168,6.30208
3167,6.30281
3166,6.30354
3165,6.30427
3164,6.30499
3163,6.30604
3162,6.30708
3161,6.30781
3160,6.30854
3159,6.30928
3158,6.31001
3157,6.31074
3156,6.31147
3155,6.3122
3154,6.31294
3153,6.31367
3152,6.3144
3151,6.31546
3150,6.31651
3149,6.31756
3148,6.3183
3147,6.31935
3146,6.32009
3145,6.32083
3144,6.32156
3143,6.3223
3142,6.32304
3141,6.32378
3140,6.32452
3139,6.32526
3138,6.326
3137,6.32675
3136,6.32749
3135,6.32855
3134,6.32929
3133,6.33004
3132,6.33078
3131,6.33152
3130,6.33227
3129,6.33301
3128,6.33376
3127,6.33451
3126,6.33557
3125,6.33664
3124,6.33739
3123,6.33814
3122,6.33889
3121,6.33963
3120,6.34038
3119,6.34113
3118,6.34189
3117,6.34264
3116,6.34371
3115,6.3451
3114,6.34618
3113,6.34725
3112,6.34801
3111,6.34876
3110,6.34952
3109,6.35027
3108,6.35103
3107,6.35179
3106,6.35254
3105,6.3533
3104,6.35406
3103,6.35482
3102,6.35558
3101,6.35634
3100,6.3571
3099,6.35786
3098,6.35862
3097,6.35938
3096,6.36047
3095,6.36123
3094,6.36199
3093,6.36275
3092,6.36352
3091,6.36428
3090,6.36505
3089,6.36581
3088,6.3669
3087,6.36799
3086,6.36876
3085,6.36953
3084,6.37062
3083,6.37139
3082,6.37216
3081,6.37326
3080,6.37403
3079,6.37512
3078,6.37589
3077,6.37667
3076,6.37744
3075,6.37821
3074,6.37899
3073,6.38008
3072,6.38118
3071,6.38196
3070,6.38274
3069,6.38351
3068,6.38429
3067,6.38507
3066,6.38617
3065,6.38695
3064,6.38773
3063,6.38851
3062,6.38929
3061,6.39007
3060,6.39085
3059,6.39163
3058,6.39241
3057,6.3932
3056,6.39398
3055,6.39509
3054,6.39587
3053,6.39666
3052,6.39777
3051,6.39856
3050,6.39934
3049,6.40013
3048,6.40092
3047,6.40203
3046,6.40315
3045,6.40427
3044,6.40539
3043,6.40618
3042,6.4073
3041,6.40809
3040,6.40888
3039,6.40967
3038,6.41047
3037,6.41126
3036,6.41238
3035,6.41318
3034,6.41397
3033,6.41477
3032,6.41557
3031,6.41669
3030,6.41749
3029,6.41829
3028,6.41909
3027,6.41989
3026,6.42069
3025,6.42149
3024,6.42262
3023,6.42375
3022,6.42455
3021,6.42536
3020,6.42616
3019,6.42696
3018,6.42777
3017,6.42857
3016,6.42938
3015,6.43018
3014,6.43099
3013,6.4318
3012,6.43293
3011,6.43408
3010,6.43522
3009,6.43603
3008,6.43717
3007,6.43831
3006,6.43945
3005,6.4406
3004,6.44174
3003,6.44289
3002,6.44404
3001,6.44518
3000,6.446
2999,6.44682
2998,6.44763
2997,6.44845
2996,6.44927
2995,6.45008
2994,6.4509
2993,6.45172
2992,6.45254
2991,6.45336
2990,6.45418
2989,6.455
2988,6.45616
2987,6.45698
2986,6.4578
2985,6.45863
2984,6.45945
2983,6.46027
2982,6.4611
2981,6.46193
2980,6.46309
2979,6.46391
2978,6.46474
2977,6.46557
2976,6.4664
2975,6.46756
2974,6.46839
2973,6.46956
2972,6.47073
2971,6.47156
2970,6.47239
2969,6.47322
2968,6.47406
2967,6.47489
2966,6.47572
2965,6.47656
2964,6.4774
2963,6.47823
2962,6.47907
2961,6.47991
2960,6.48074
2959,6.48158
2958,6.48242
2957,6.4836
2956,6.48478
2955,6.48596
2954,6.48714
2953,6.48798
2952,6.48882
2951,6.48966
2950,6.49051
2949,6.49135
2948,6.4922
2947,6.49304
2946,6.49423
2945,6.49508
2944,6.49592
2943,6.49677
2942,6.49762
2941,6.49847
2940,6.49966
2939,6.50085
2938,6.50204
2937,6.50323
2936,6.50409
2935,6.50494
2934,6.50579
2933,6.50665
2932,6.5075
2931,6.50836
2930,6.50922
2929,6.51007
2928,6.51127
2927,6.51247
2926,6.51367
2925,6.51453
2924,6.51539
2923,6.51625
2922,6.51711
2921,6.51797
2920,6.51884
2919,6.5197
2918,6.52056
2917,6.52143
2916,6.52229
2915,6.52316
2914,6.52402
2913,6.52523
2912,6.52679
2911,6.52765
2910,6.52887
2909,6.53008
2908,6.53095
2907,6.53182
2906,6.53304
2905,6.53391
2904,6.53512
2903,6.536
2902,6.53687
2901,6.53809
2900,6.53897
2899,6.54019
2898,6.54106
2897,6.54229
2896,6.54351
2895,6.54439
2894,6.54527
2893,6.54615
2892,6.54703
2891,6.54791
2890,6.54879
2889,6.54967
2888,6.55055
2887,6.55178
2886,6.55267
2885,6.55355
2884,6.55444
2883,6.55532
2882,6.55621
2881,6.5571
2880,6.55799
2879,6.55887
2878,6.55976
2877,6.561
2876,6.56189
2875,6.56278
2874,6.56367
2873,6.56457
2872,6.56546
2871,6.56635
2870,6.56725
2869,6.56814
2868,6.56939
2867,6.57028
2866,6.57118
2865,6.57243
2864,6.57332
2863,6.57422
2862,6.57547
2861,6.57672
2860,6.57797
2859,6.57922
2858,6.58048
2857,6.58173
2856,6.58298
2855,6.58424
2854,6.58514
2853,6.58605
2852,6.58696
2851,6.58786
2850,6.58877
2849,6.58968
2848,6.59094
2847,6.59185
2846,6.59276
2845,6.59367
2844,6.59459
2843,6.5955
2842,6.59676
2841,6.59768
2840,6.59859
2839,6.59951
2838,6.60042
2837,6.60134
2836,6.60226
2835,6.60317
2834,6.60409
2833,6.60501
2832,6.60593
2831,6.60685
2830,6.60777
2829,6.6087
2828,6.60962
2827,6.61054
2826,6.61146
2825,6.61239
2824,6.61367
2823,6.61495
2822,6.61623
2821,6.61716
2820,6.61844
2819,6.61937
2818,6.6203
2817,6.62123
2816,6.62216
2815,6.62309
2814,6.62402
2813,6.62496
2812,6.62589
2811,6.62682
2810,6.62776
2809,6.62905
2808,6.62999
2807,6.63092
2806,6.63186
2805,6.63316
2804,6.63409
2803,6.63503
2802,6.63633
2801,6.63727
2800,6.63857
2799,6.63951
2798,6.64046
2797,6.6414
2796,6.64235
2795,6.64329
2794,6.64424
2793,6.64518
2792,6.64613
2791,6.64708
2790,6.64803
2789,6.64898
2788,6.64993
2787,6.65088
2786,6.65183
2785,6.65314
2784,6.65409
2783,6.65505
2782,6.656
2781,6.65696
2780,6.65791
2779,6.65887
2778,6.65983
2777,6.66115
2776,6.6621
2775,6.66342
2774,6.66474
2773,6.66571
2772,6.66667
2771,6.66763
2770,6.66859
2769,6.66992
2768,6.67088
2767,6.67185
2766,6.67281
2765,6.67378
2764,6.67475
2763,6.67608
2762,6.67705
2761,6.67838
2760,6.67935
2759,6.68032
2758,6.68129
2757,6.68226
2756,6.68324
2755,6.68457
2754,6.68555
2753,6.68652
2752,6.6875
2751,6.68848
2750,6.68945
2749,6.69043
2748,6.69178
2747,6.69276
2746,6.69374
2745,6.69472
2744,6.6957
2743,6.69705
2742,6.6984
2741,6.69938
2740,6.70073
2739,6.70172
2738,6.70307
2737,6.70442
2736,6.70577
2735,6.70676
2734,6.70775
2733,6.70874
2732,6.70974
2731,6.71073
2730,6.71172
2729,6.71272
2728,6.71371
2727,6.71507
2726,6.71643
2725,6.71743
2724,6.71843
2723,6.71943
2722,6.72079
2721,6.72179
2720,6.72316
2719,6.72416
2718,6.72517
2717,6.72654
2716,6.72791
2715,6.72928
2714,6.73066
2713,6.73166
2712,6.73267
2711,6.73405
2710,6.73506
2709,6.73606
2708,6.73744
2707,6.73883
2706,6.73984
2705,6.74085
2704,6.74186
2703,6.74288
2702,6.74426
2701,6.74565
2700,6.74704
2699,6.74843
2698,6.74981
2697,6.75121
2696,6.75223
2695,6.75325
2694,6.75427
2693,6.75529
2692,6.75632
2691,6.75734
2690,6.75874
2689,6.75976
2688,6.76116
2687,6.76219
2686,6.76322
2685,6.76425
2684,6.76528
2683,6.76631
2682,6.76734
2681,6.76837
2680,6.7694
2679,6.77044
2678,6.77147
2677,6.77251
2676,6.77354
2675,6.77495
2674,6.77599
2673,6.77703
2672,6.77807
2671,6.77948
2670,6.78052
2669,6.78157
2668,6.78261
2667,6.78365
2666,6.7847
2665,6.78574
2664,6.78679
2663,6.78783
2662,6.78888
2661,6.7903
2660,6.79173
2659,6.79316
2658,6.79458
2657,6.79639
2656,6.79782
2655,6.79887
2654,6.79992
2653,6.80098
2652,6.80204
2651,6.80309
2650,6.80453
2649,6.80559
2648,6.80665
2647,6.80771
2646,6.80877
2645,6.81021
2644,6.81127
2643,6.81233
2642,6.8134
2641,6.81446
2640,6.81553
2639,6.8166
2638,6.81766
2637,6.81873
2636,6.8198
2635,6.82087
2634,6.82194
2633,6.82302
2632,6.82447
2631,6.82554
2630,6.82662
2629,6.82769
2628,6.82877
2627,6.82984
2626,6.8313
2625,6.83238
2624,6.83346
2623,6.83454
2622,6.83562
2621,6.8367
2620,6.83779
2619,6.83925
2618,6.84072
2617,6.8418
2616,6.84289
2615,6.84398
2614,6.84545
2613,6.84654
2612,6.84763
2611,6.84872
2610,6.84981
2609,6.8509
2608,6.85199
2607,6.85309
2606,6.85418
2605,6.85528
2604,6.85637
2603,6.85747
2602,6.85895
2601,6.86005
2600,6.86115
2599,6.86225
2598,6.86336
2597,6.86446
2596,6.86556
2595,6.86667
2594,6.86777
2593,6.86888
2592,6.86998
2591,6.87109
2590,6.8722
2589,6.87331
2588,6.87442
2587,6.87553
2586,6.87664
2585,6.87776
2584,6.87887
2583,6.88037
2582,6.88226
2581,6.88377
2580,6.88488
2579,6.886
2578,6.88712
2577,6.88863
2576,6.89014
2575,6.89165
2574,6.89316
2573,6.89468
2572,6.8958
2571,6.89693
2570,6.89805
2569,6.89918
2568,6.90031
2567,6.90144
2566,6.90257
2565,6.9037
2564,6.90484
2563,6.90597
2562,6.90749
2561,6.90863
2560,6.91016
2559,6.91168
2558,6.91321
2557,6.91474
2556,6.91588
2555,6.91703
2554,6.91856
2553,6.9197
2552,6.92085
2551,6.92199
2550,6.92314
2549,6.92428
2548,6.92543
2547,6.92697
2546,6.92852
2545,6.93006
2544,6.93121
2543,6.93236
2542,6.93352
2541,6.93467
2540,6.93583
2539,6.93698
2538,6.93814
2537,6.9393
2536,6.94046
2535,6.94162
2534,6.94278
2533,6.94394
2532,6.9451
2531,6.94666
2530,6.94822
2529,6.95018
2528,6.95134
2527,6.95251
2526,6.95368
2525,6.95485
2524,6.95602
2523,6.95719
2522,6.95837
2521,6.95954
2520,6.96071
2519,6.96189
2518,6.96307
2517,6.96424
2516,6.96542
2515,6.9666
2514,6.96778
2513,6.96896
2512,6.97014
2511,6.97133
2510,6.97251
2509,6.97369
2508,6.97488
2507,6.97607
2506,6.97765
2505,6.97924
2504,6.98083
2503,6.98202
2502,6.98321
2501,6.98441
2500,6.9856
2499,6.98679
2498,6.98799
2497,6.98919
2496,6.99038
2495,6.99158
2494,6.99318
2493,6.99438
2492,6.99559
2491,6.99679
2490,6.99799
2489,6.9992
2488,7.0004
2487,7.00161
2486,7.00282
2485,7.00443
2484,7.00604
2483,7.00725
2482,7.00846
2481,7.01008
2480,7.01129
2479,7.01251
2478,7.01372
2477,7.01494
2476,7.01616
2475,7.01737
2474,7.01859
2473,7.01981
2472,7.02104
2471,7.02226
2470,7.02348
2469,7.02471
2468,7.02593
2467,7.02716
2466,7.02839
2465,7.02961
2464,7.03084
2463,7.03207
2462,7.03331
2461,7.03454
2460,7.03577
2459,7.03701
2458,7.03824
2457,7.03948
2456,7.04072
2455,7.04196
2454,7.04319
2453,7.04444
2452,7.04568
2451,7.04733
2450,7.04857
2449,7.05022
2448,7.05147
2447,7.05272
2446,7.05397
2445,7.05521
2444,7.05646
2443,7.05772
2442,7.05856
2441,7.0594
2440,7.06025
2439,7.06109
2438,7.06194
2437,7.06278
2436,7.06404
2435,7.0653
2434,7.06656
2433,7.06741
2432,7.06826
2431,7.06952
2430,7.07037
2429,7.07122
2428,7.07208
2427,7.07293
2426,7.07378
2425,7.07464
2424,7.0755
2423,7.07635
2422,7.07721
2421,7.07807
2420,7.07893
2419,7.07979
2418,7.08065
2417,7.08151
2416,7.08237
2415,7.08323
2414,7.08409
2413,7.08496
2412,7.08582
2411,7.0871
2410,7.08838
2409,7.08925
2408,7.09012
2407,7.0914
2406,7.09268
2405,7.09356
2404,7.09484
2403,7.09613
2402,7.097
2401,7.09788
2400,7.09875
2399,7.09962
2398,7.1005
2397,7.10138
2396,7.10225
2395,7.10313
2394,7.10401
2393,7.10489
2392,7.10577
2391,7.10707
2390,7.10795
2389,7.10883
2388,7.10972
2387,7.1106
2386,7.11148
2385,7.11237
2384,7.11326
2383,7.11414
2382,7.11503
2381,7.11592
2380,7.11723
2379,7.11854
2378,7.11943
2377,7.12074
2376,7.12247
2375,7.12421
2374,7.12595
2373,7.12684
2372,7.12774
2371,7.12864
2370,7.12954
2369,7.13043
2368,7.13133
2367,7.13223
2366,7.13314
2365,7.13446
2364,7.13536
2363,7.13627
2362,7.13717
2361,7.13808
2360,7.13898
2359,7.13989
2358,7.1408
2357,7.14171
2356,7.14261
2355,7.14352
2354,7.14444
2353,7.14535
2352,7.14626
2351,7.14717
2350,7.14809
2349,7.149
2348,7.14991
2347,7.15083
2346,7.15175
2345,7.15267
2344,7.15401
2343,7.15493
2342,7.15585
2341,7.15677
2340,7.15769
2339,7.15904
2338,7.15997
2337,7.16089
2336,7.16182
2335,7.16274
2334,7.16367
2333,7.16459
2332,7.16552
2331,7.16645
2330,7.16738
2329,7.16831
2328,7.16967
2327,7.17061
2326,7.17154
2325,7.17247
2324,7.17341
2323,7.17434
2322,7.17528
2321,7.17665
2320,7.17759
2319,7.17853
2318,7.1799
2317,7.18084
2316,7.18178
2315,7.18272
2314,7.1841
2313,7.18504
2312,7.18599
2311,7.18693
2310,7.18788
2309,7.18883
2308,7.19021
2307,7.19116
2306,7.19254
2305,7.19349
2304,7.19444
2303,7.19583
2302,7.19679
2301,7.19774
2300,7.1987
2299,7.19965
2298,7.20061
2297,7.20157
2296,7.20296
2295,7.20436
2294,7.20532
2293,7.20628
2292,7.20768
2291,7.20864
2290,7.20961
2289,7.21057
2288,7.21154
2287,7.21251
2286,7.21347
2285,7.21444
2284,7.21541
2283,7.21638
2282,7.21735
2281,7.21833
2280,7.2193
2279,7.22027
2278,7.22125
2277,7.22266
2276,7.22364
2275,7.22505
2274,7.22603
2273,7.22745
2272,7.22887
2271,7.22985
2270,7.23084
2269,7.23182
2268,7.2328
2267,7.23423
2266,7.23566
2265,7.23709
2264,7.23807
2263,7.23906
2262,7.24005
2261,7.24149
2260,7.24336
2259,7.24568
2258,7.24801
2257,7.24945
2256,7.25133
2255,7.25277
2254,7.25421
2253,7.25566
2252,7.2571
2251,7.25855
2250,7.26044
2249,7.26189
2248,7.2629
2247,7.26391
2246,7.26536
2245,7.26637
2244,7.26738
2243,7.26839
2242,7.2694
2241,7.27041
2240,7.27143
2239,7.27244
2238,7.27346
2237,7.27447
2236,7.27549
2235,7.27651
2234,7.27753
2233,7.27855
2232,7.28002
2231,7.28104
2230,7.28206
2229,7.28309
2228,7.28411
2227,7.28514
2226,7.28616
2225,7.28719
2224,7.28822
2223,7.28925
2222,7.29028
2221,7.29131
2220,7.29234
2219,7.29338
2218,7.29441
2217,7.2959
2216,7.29738
2215,7.29842
2214,7.29946
2213,7.3005
2212,7.30154
2211,7.30303
2210,7.30407
2209,7.30512
2208,7.30616
2207,7.3072
2206,7.30825
2205,7.3093
2204,7.31034
2203,7.31139
2202,7.31244
2201,7.31395
2200,7.31545
2199,7.31651
2198,7.31756
2197,7.31907
2196,7.32058
2195,7.32164
2194,7.3227
2193,7.32376
2192,7.32482
2191,7.32588
2190,7.32694
2189,7.328
2188,7.32952
2187,7.33059
2186,7.33211
2185,7.33318
2184,7.33425
2183,7.33532
2182,7.33639
2181,7.33746
2180,7.33853
2179,7.33961
2178,7.34068
2177,7.34175
2176,7.34283
2175,7.34437
2174,7.34591
2173,7.34699
2172,7.34853
2171,7.34961
2170,7.35069
2169,7.35178
2168,7.35286
2167,7.35395
2166,7.35503
2165,7.35658
2164,7.35767
2163,7.35876
2162,7.35985
2161,7.36094
2160,7.36204
2159,7.36359
2158,7.36469
2157,7.36579
2156,7.36688
2155,7.36798
2154,7.36908
2153,7.37065
2152,7.37175
2151,7.37285
2150,7.37395
2149,7.37506
2148,7.37616
2147,7.37727
2146,7.37838
2145,7.37949
2144,7.3806
2143,7.38171
2142,7.38282
2141,7.3844
2140,7.38551
2139,7.3871
2138,7.38821
2137,7.3898
2136,7.39139
2135,7.39297
2134,7.39456
2133,7.39569
2132,7.39681
2131,7.39794
2130,7.39953
2129,7.40066
2128,7.40179
2127,7.40339
2126,7.40452
2125,7.40612
2124,7.40772
2123,7.40933
2122,7.41046
2121,7.4116
2120,7.41274
2119,7.41435
2118,7.41549
2117,7.41663
2116,7.41824
2115,7.41939
2114,7.42053
2113,7.42168
2112,7.42282
2111,7.42397
2110,7.42559
2109,7.42674
2108,7.42789
2107,7.42905
2106,7.4302
2105,7.43135
2104,7.43298
2103,7.43414
2102,7.4353
2101,7.43693
2100,7.4381
2099,7.43926
2098,7.44042
2097,7.44206
2096,7.44323
2095,7.44439
2094,7.44556
2093,7.44673
2092,7.4479
2091,7.44907
2090,7.45072
2089,7.45189
2088,7.45307
2087,7.45424
2086,7.4559
2085,7.45755
2084,7.45873
2083,7.45991
2082,7.4611
2081,7.46228
2080,7.46346
2079,7.46465
2078,7.46583
2077,7.46702
2076,7.46821
2075,7.4694
2074,7.47059
2073,7.47178
2072,7.47297
2071,7.47417
2070,7.47536
2069,7.47656
2068,7.47776
2067,7.47944
2066,7.48112
2065,7.48281
2064,7.48498
2063,7.48619
2062,7.48739
2061,7.48908
2060,7.49078
2059,7.49247
2058,7.49368
2057,7.4949
2056,7.49611
2055,7.49732
2054,7.49903
2053,7.50073
2052,7.50195
2051,7.50317
2050,7.50439
2049,7.50561
2048,7.50732
2047,7.50855
2046,7.50978
2045,7.511
2044,7.51223
2043,7.51346
2042,7.51469
2041,7.51592
2040,7.51716
2039,7.51888
2038,7.52012
2037,7.52135
2036,7.52259
2035,7.52383
2034,7.52507
2033,7.52632
2032,7.52756
2031,7.5288
2030,7.53005
2029,7.5313
2028,7.53254
2027,7.53379
2026,7.53504
2025,7.5363
2024,7.53755
2023,7.5388
2022,7.54006
2021,7.54132
2020,7.54307
2019,7.54433
2018,7.54559
2017,7.54685
2016,7.54812
2015,7.54938
2014,7.55065
2013,7.55191
2012,7.55368
2011,7.55495
2010,7.55622
2009,7.55749
2008,7.55876
2007,7.56004
2006,7.56132
2005,7.56259
2004,7.56387
2003,7.56515
2002,7.56643
2001,7.56772
2000,7.569
1999,7.57029
1998,7.57157
1997,7.57286
1996,7.57415
1995,7.57544
1994,7.57673
1993,7.57802
1992,7.57932
1991,7.58061
1990,7.58191
1989,7.58321
1988,7.58451
1987,7.58581
1986,7.58711
1985,7.58841
1984,7.58972
1983,7.59102
1982,7.59233
1981,7.59364
1980,7.59495
1979,7.59626
1978,7.59757
1977,7.59889
1976,7.6002
1975,7.60152
1974,7.60284
1973,7.60416
1972,7.60548
1971,7.6068
1970,7.60812
1969,7.60945
1968,7.61077
1967,7.6121
1966,7.61343
1965,7.61476
1964,7.61609
1963,7.61793
1962,7.62029
1961,7.62213
1960,7.62347
1959,7.62481
1958,7.62615
1957,7.62749
1956,7.62883
1955,7.63018
1954,7.63204
1953,7.63338
1952,7.63473
1951,7.63608
1950,7.63744
1949,7.63879
1948,7.64014
1947,7.64201
1946,7.64388
1945,7.64576
1944,7.64712
1943,7.64848
1942,7.64985
1941,7.65173
1940,7.65309
1939,7.65446
1938,7.65583
1937,7.6572
1936,7.65857
1935,7.65995
1934,7.66132
1933,7.6627
1932,7.66408
1931,7.66546
1930,7.66684
1929,7.66822
1928,7.66961
1927,7.67099
1926,7.67238
1925,7.67377
1924,7.67516
1923,7.67655
1922,7.67794
1921,7.67933
1920,7.68021
1919,7.68161
1918,7.683
1917,7.68388
1916,7.68476
1915,7.68564
1914,7.68652
1913,7.6874
1912,7.68828
1911,7.68917
1910,7.69005
1909,7.69094
1908,7.69182
1907,7.69271
1906,7.69412
1905,7.69554
1904,7.69643
1903,7.69732
1902,7.69821
1901,7.69911
1900,7.7
1899,7.7009
1898,7.70179
1897,7.70322
1896,7.70464
1895,7.70607
1894,7.70697
1893,7.70787
1892,7.70877
1891,7.70968
1890,7.71058
1889,7.71149
1888,7.71239
1887,7.7133
1886,7.71421
1885,7.71512
1884,7.71656
1883,7.71747
1882,7.71838
1881,7.7193
1880,7.72021
1879,7.72113
1878,7.72204
1877,7.72296
1876,7.72388
1875,7.7248
1874,7.72572
1873,7.72664
1872,7.72756
1871,7.72902
1870,7.72995
1869,7.73087
1868,7.7318
1867,7.73273
1866,7.73365
1865,7.73458
1864,7.73605
1863,7.73698
1862,7.73845
1861,7.73992
1860,7.74086
1859,7.7418
1858,7.74273
1857,7.74421
1856,7.74515
1855,7.74609
1854,7.74703
1853,7.74798
1852,7.74892
1851,7.75041
1850,7.75189
1849,7.75284
1848,7.75433
1847,7.75582
1846,7.75731
1845,7.75881
1844,7.75976
1843,7.76072
1842,7.76167
1841,7.76263
1840,7.76413
1839,7.76563
1838,7.76659
1837,7.7681
1836,7.76906
1835,7.77003
1834,7.77154
1833,7.7725
1832,7.77347
1831,7.77444
1830,7.77541
1829,7.77638
1828,7.77735
1827,7.77887
1826,7.77985
1825,7.78082
1824,7.7818
1823,7.78278
1822,7.78375
1821,7.78473
1820,7.78626
1819,7.7878
1818,7.78878
1817,7.78976
1816,7.79075
1815,7.79174
1814,7.79272
1813,7.79371
1812,7.7947
1811,7.79569
1810,7.79669
1809,7.79768
1808,7.79867
1807,7.79967
1806,7.80066
1805,7.80222
1804,7.80322
1803,7.80422
1802,7.80522
1801,7.80677
1800,7.80833
1799,7.81045
1798,7.81146
1797,7.81247
1796,7.81347
1795,7.81448
1794,7.8155
1793,7.81707
1792,7.81864
1791,7.81965
1790,7.82067
1789,7.82169
1788,7.82327
1787,7.82429
1786,7.82531
1785,7.82689
1784,7.82848
1783,7.83062
1782,7.83221
1781,7.8338
1780,7.83483
1779,7.83586
1778,7.8369
1777,7.83793
1776,7.83896
1775,7.84056
1774,7.8416
1773,7.84264
1772,7.84368
1771,7.84472
1770,7.84576
1769,7.84737
1768,7.84842
1767,7.84946
1766,7.85051
1765,7.85156
1764,7.85317
1763,7.85423
1762,7.85585
1761,7.8569
1760,7.85795
1759,7.85958
1758,7.86064
1757,7.86227
1756,7.86333
1755,7.86439
1754,7.86545
1753,7.86651
1752,7.86815
1751,7.86979
1750,7.87143
1749,7.87364
1748,7.87586
1747,7.87865
1746,7.8803
1745,7.88195
1744,7.88303
1743,7.88411
1742,7.88519
1741,7.88627
1740,7.88736
1739,7.88902
1738,7.89125
1737,7.89349
1736,7.89516
1735,7.89683
1734,7.89792
1733,7.89902
1732,7.90069
1731,7.90237
1730,7.90347
1729,7.90515
1728,7.90683
1727,7.90851
1726,7.91078
1725,7.91362
1724,7.91473
1723,7.91584
1722,7.91696
1721,7.91807
1720,7.91919
1719,7.9203
1718,7.92142
1717,7.92312
1716,7.92483
1715,7.92595
1714,7.92707
1713,7.9282
1712,7.92932
1711,7.93045
1710,7.93158
1709,7.93271
1708,7.93443
1707,7.93673
1706,7.93904
1705,7.94135
1704,7.94366
1703,7.94656
1702,7.95006
1701,7.95297
1700,7.95588
1699,7.95703
1698,7.95819
1697,7.95934
1696,7.96108
1695,7.96283
1694,7.96399
1693,7.96515
1692,7.96631
1691,7.96747
1690,7.96864
1689,7.9698
1688,7.97097
1687,7.97214
1686,7.97331
1685,7.97448
1684,7.97565
1683,7.97683
1682,7.978
1681,7.97918
1680,7.98036
1679,7.98213
1678,7.98331
1677,7.9845
1676,7.98628
1675,7.98806
1674,7.98925
1673,7.99044
1672,7.99163
1671,7.99282
1670,7.99401
1669,7.99521
1668,7.9964
1667,7.9976
1666,7.9988
1665,8
1664,8.0018
1663,8.00301
1662,8.00421
1661,8.00542
1660,8.00663
1659,8.00784
1658,8.00905
1657,8.01026
1656,8.01147
1655,8.01269
1654,8.01391
1653,8.01512
1652,8.01634
1651,8.01757
1650,8.01939
1649,8.02062
1648,8.02184
1647,8.02307
1646,8.0243
1645,8.02614
1644,8.02859
1643,8.02982
1642,8.03106
1641,8.0323
1640,8.03354
1639,8.03539
1638,8.03663
1637,8.03849
1636,8.03973
1635,8.04098
1634,8.04223
1633,8.04348
1632,8.04534
1631,8.0466
1630,8.04785
1629,8.04911
1628,8.05037
1627,8.05224
1626,8.05412
1625,8.056
1624,8.05727
1623,8.05853
1622,8.0598
1621,8.06107
1620,8.06235
1619,8.06362
1618,8.06489
1617,8.06679
1616,8.06869
1615,8.07059
1614,8.07249
1613,8.0744
1612,8.0763
1611,8.07759
1610,8.07888
1609,8.08017
1608,8.08147
1607,8.08276
1606,8.08406
1605,8.08536
1604,8.08666
1603,8.08858
1602,8.09051
1601,8.09182
1600,8.09313
1599,8.09443
1598,8.09574
1597,8.09768
1596,8.09962
1595,8.10219
1594,8.10477
1593,8.10734
1592,8.10992
1591,8.11125
1590,8.11258
1589,8.11454
1588,8.11587
1587,8.11783
1586,8.1198
1585,8.12114
1584,8.12247
1583,8.12382
1582,8.12516
1581,8.12713
1580,8.12848
1579,8.12983
1578,8.13118
1577,8.13316
1576,8.13452
1575,8.13587
1574,8.13723
1573,8.13859
1572,8.14059
1571,8.14195
1570,8.14331
1569,8.14468
1568,8.14605
1567,8.14742
1566,8.14879
1565,8.15016
1564,8.15153
1563,8.15291
1562,8.15429
1561,8.15631
1560,8.15897
1559,8.16036
1558,8.16175
1557,8.16313
1556,8.16517
1555,8.16785
1554,8.16988
1553,8.17128
1552,8.17268
1551,8.17408
1550,8.17613
1549,8.17753
1548,8.17894
1547,8.18035
1546,8.18176
1545,8.18317
1544,8.18523
1543,8.1873
1542,8.18872
1541,8.19014
1540,8.19221
1539,8.19428
1538,8.19571
1537,8.19714
1536,8.19857
1535,8.2
1534,8.20143
1533,8.20352
1532,8.20496
1531,8.2064
1530,8.20784
1529,8.20929
1528,8.21073
1527,8.21218
1526,8.21429
1525,8.21705
1524,8.22047
1523,8.22456
1522,8.22865
1521,8.2334
1520,8.23487
1519,8.23634
1518,8.23781
1517,8.23929
1516,8.24142
1515,8.24356
1514,8.24505
1513,8.24653
1512,8.24802
1511,8.2495
1510,8.25099
1509,8.25249
1508,8.25398
1507,8.25614
1506,8.25764
1505,8.25914
1504,8.2613
1503,8.26414
1502,8.26565
1501,8.26716
1500,8.26867
1499,8.27085
1498,8.27303
1497,8.27455
1496,8.27607
1495,8.27759
1494,8.27912
1493,8.28131
1492,8.28284
1491,8.28437
1490,8.28591
1489,8.28744
1488,8.28965
1487,8.29119
1486,8.29273
1485,8.29495
1484,8.2965
1483,8.29804
1482,8.30027
1481,8.30182
1480,8.30338
1479,8.30494
1478,8.30717
1477,8.30873
1476,8.31098
1475,8.31254
1474,8.31411
1473,8.31568
1472,8.31726
1471,8.31883
1470,8.32041
1469,8.32199
1468,8.32357
1467,8.32515
1466,8.32674
1465,8.32901
1464,8.33128
1463,8.33288
1462,8.33447
1461,8.33607
1460,8.33767
1459,8.33927
1458,8.34088
1457,8.34317
1456,8.34547
1455,8.34777
1454,8.35007
1453,8.35237
1452,8.35468
1451,8.357
1450,8.36
1449,8.36232
1448,8.36464
1447,8.36766
1446,8.37137
1445,8.37578
1444,8.38019
1443,8.38323
1442,8.38696
1441,8.38931
1440,8.39167
1439,8.39333
1438,8.39499
1437,8.39666
1436,8.39833
1435,8.4
1434,8.40167
1433,8.40335
1432,8.40503
1431,8.40671
1430,8.40839
1429,8.41078
1428,8.41246
1427,8.41486
1426,8.41655
1425,8.41825
1424,8.41994
1423,8.42164
1422,8.42335
1421,8.42576
1420,8.42887
1419,8.4327
1418,8.43653
1417,8.43966
1416,8.44209
1415,8.44382
1414,8.44625
1413,8.44798
1412,8.44972
1411,8.45145
1410,8.45319
1409,8.45493
1408,8.45668
1407,8.45842
1406,8.46017
1405,8.46192
1404,8.46368
1403,8.46614
1402,8.46862
1401,8.47109
1400,8.47286
1399,8.47462
1398,8.47639
1397,8.47817
1396,8.47994
1395,8.48172
1394,8.4835
1393,8.48528
1392,8.48707
1391,8.48886
1390,8.49065
1389,8.49244
1388,8.49424
1387,8.49603
1386,8.49784
1385,8.49964
1384,8.50145
1383,8.50325
1382,8.50507
1381,8.50688
1380,8.5087
1379,8.51124
1378,8.51379
1377,8.51561
1376,8.51817
1375,8.52073
1374,8.52329
1373,8.52513
1372,8.52697
1371,8.52881
1370,8.53139
1369,8.5347
1368,8.53728
1367,8.53987
1366,8.54319
1365,8.54725
1364,8.55205
1363,8.55759
1362,8.56388
1361,8.56503
1360,8.56691
1359,8.56806
1358,8.56996
1357,8.57185
1356,8.57375
1355,8.57638
1354,8.57903
1353,8.58019
1352,8.5821
1351,8.58327
1350,8.58444
1349,8.58636
1348,8.58828
1347,8.58946
1346,8.59064
1345,8.59182
1344,8.59301
1343,8.59419
1342,8.59538
1341,8.59657
1340,8.59776
1339,8.59895
1338,8.60015
1337,8.60209
1336,8.60329
1335,8.60524
1334,8.6072
1333,8.60915
1332,8.61111
1331,8.61307
1330,8.61504
1329,8.61625
1328,8.61822
1327,8.6202
1326,8.62142
1325,8.6234
1324,8.62462
1323,8.62585
1322,8.62708
1321,8.62831
1320,8.62955
1319,8.63078
1318,8.63202
1317,8.63326
1316,8.6345
1315,8.63574
1314,8.63699
1313,8.63899
1312,8.64101
1311,8.64226
1310,8.64351
1309,8.64553
1308,8.64679
1307,8.64805
1306,8.64931
1305,8.65057
1304,8.65184
1303,8.65311
1302,8.65438
1301,8.65642
1300,8.65846
1299,8.65974
1298,8.66102
1297,8.66307
1296,8.66435
1295,8.66564
1294,8.6677
1293,8.66899
1292,8.67028
1291,8.67157
1290,8.67287
1289,8.67417
1288,8.67547
1287,8.67754
1286,8.67885
1285,8.68016
1284,8.68224
1283,8.68355
1282,8.68565
1281,8.68696
1280,8.68828
1279,8.6896
1278,8.69092
1277,8.69225
1276,8.69357
1275,8.6949
1274,8.69623
1273,8.69835
1272,8.70047
1271,8.70181
1270,8.70315
1269,8.70528
1268,8.70662
1267,8.70876
1266,8.71169
1265,8.71383
1264,8.71598
1263,8.71734
1262,8.7187
1261,8.72086
1260,8.72222
1259,8.72359
1258,8.72496
1257,8.72633
1256,8.7285
1255,8.73068
1254,8.73206
1253,8.73344
1252,8.73482
1251,8.73621
1250,8.7384
1249,8.73979
1248,8.74119
1247,8.74258
1246,8.74398
1245,8.74538
1244,8.74759
1243,8.7498
1242,8.75201
1241,8.75423
1240,8.75645
1239,8.75787
1238,8.7601
1237,8.76233
1236,8.76375
1235,8.76518
1234,8.76661
1233,8.76805
1232,8.76948
1231,8.77092
1230,8.77236
1229,8.7738
1228,8.77524
1227,8.77751
1226,8.78059
1225,8.78286
1224,8.78595
1223,8.78904
1222,8.79051
1221,8.79197
1220,8.79344
1219,8.79491
1218,8.79639
1217,8.79869
1216,8.80016
1215,8.80165
1214,8.80313
1213,8.80462
1212,8.80693
1211,8.80842
1210,8.80992
1209,8.81141
1208,8.81291
1207,8.81524
1206,8.81758
1205,8.81909
1204,8.8206
1203,8.82211
1202,8.82363
1201,8.82598
1200,8.8275
1199,8.82902
1198,8.83139
1197,8.83375
1196,8.83528
1195,8.83682
1194,8.83836
1193,8.8399
1192,8.84144
1191,8.84299
1190,8.84454
1189,8.84609
1188,8.84764
1187,8.8492
1186,8.8516
1185,8.85485
1184,8.85726
1183,8.86052
1182,8.86294
1181,8.86622
1180,8.8678
1179,8.87023
1178,8.87182
1177,8.87341
1176,8.875
1175,8.87745
1174,8.87905
1173,8.88065
1172,8.88225
1171,8.88386
1170,8.88547
1169,8.88708
1168,8.88955
1167,8.89203
1166,8.89365
1165,8.89528
1164,8.89777
1163,8.8994
1162,8.90103
1161,8.90267
1160,8.90431
1159,8.90595
1158,8.9076
1157,8.91011
1156,8.91263
1155,8.91515
1154,8.91768
1153,8.91934
1152,8.92101
1151,8.92268
1150,8.92435
1149,8.92602
1148,8.9277
1147,8.92938
1146,8.93106
1145,8.93275
1144,8.93444
1143,8.93701
1142,8.9387
1141,8.9404
1140,8.94211
1139,8.94381
1138,8.94552
1137,8.94723
1136,8.94894
1135,8.95066
1134,8.95238
1133,8.9541
1132,8.95583
1131,8.95756
1130,8.95929
1129,8.96103
1128,8.96277
1127,8.96539
1126,8.96714
1125,8.96889
1124,8.97064
1123,8.9724
1122,8.97504
1121,8.9777
1120,8.97946
1119,8.98213
1118,8.98569
1117,8.98747
1116,8.98925
1115,8.99103
1114,8.99282
1113,8.99461
1112,8.9973
1111,8.9991
1110,9.0009
1109,9.00271
1108,9.00451
1107,9.00632
1106,9.00814
1105,9.00995
1104,9.01268
1103,9.01451
1102,9.01633
1101,9.01817
1100,9.02
1099,9.02184
1098,9.02368
1097,9.02552
1096,9.02828
1095,9.03014
1094,9.03199
1093,9.03385
1092,9.03663
1091,9.03941
1090,9.04312
1089,9.04683
1088,9.05147
1087,9.05704
1086,9.06354
1085,9.07097
1084,9.07841
1083,9.08033
1082,9.08226
1081,9.08418
1080,9.08611
1079,9.08804
1078,9.08998
1077,9.09285
1076,9.0948
1075,9.09674
1074,9.0987
1073,9.10065
1072,9.10261
1071,9.10551
1070,9.10748
1069,9.10945
1068,9.11142
1067,9.11434
1066,9.11538
1065,9.11737
1064,9.11842
1063,9.11947
1062,9.12147
1061,9.12253
1060,9.12358
1059,9.12465
1058,9.12571
1057,9.12677
1056,9.12784
1055,9.12891
1054,9.12998
1053,9.13105
1052,9.13213
1051,9.13416
1050,9.13524
1049,9.13632
1048,9.1374
1047,9.13849
1046,9.13958
1045,9.14067
1044,9.14176
1043,9.14286
1042,9.14395
1041,9.14505
1040,9.14712
1039,9.14822
1038,9.14933
1037,9.15043
1036,9.15154
1035,9.15266
1034,9.15377
1033,9.15586
1032,9.15795
1031,9.16101
1030,9.16311
1029,9.16521
1028,9.16732
1027,9.16845
1026,9.16959
1025,9.17073
1024,9.17285
1023,9.174
1022,9.17613
1021,9.17728
1020,9.17843
1019,9.18057
1018,9.18173
1017,9.18289
1016,9.18406
1015,9.18522
1014,9.18639
1013,9.18855
1012,9.18972
1011,9.1909
1010,9.19208
1009,9.19425
1008,9.19544
1007,9.19762
1006,9.2008
1005,9.20299
1004,9.20518
1003,9.20738
1002,9.20958
1001,9.21079
1000,9.212
999,9.21421
998,9.21543
997,9.21665
996,9.21787
995,9.2191
994,9.22032
993,9.22256
992,9.22379
991,9.22503
990,9.22626
989,9.2275
988,9.22874
987,9.22999
986,9.23124
985,9.23249
984,9.23374
983,9.23499
982,9.23625
981,9.23751
980,9.23878
979,9.24004
978,9.24131
977,9.2436
976,9.24488
975,9.24615
974,9.24743
973,9.24872
972,9.25
971,9.25129
970,9.25258
969,9.25387
968,9.25517
967,9.25646
966,9.25776
965,9.25907
964,9.26037
963,9.26272
962,9.26507
961,9.26847
960,9.27083
959,9.2732
958,9.27557
957,9.27795
956,9.28033
955,9.28168
954,9.28407
953,9.28541
952,9.28782
951,9.29022
950,9.29263
949,9.29399
948,9.29536
947,9.29673
946,9.29915
945,9.30053
944,9.30191
943,9.30329
942,9.30467
941,9.30606
940,9.30745
939,9.3099
938,9.31237
937,9.31483
936,9.31838
935,9.32193
934,9.32655
933,9.33119
932,9.33584
931,9.34157
930,9.34731
929,9.34876
928,9.35022
927,9.35167
926,9.35421
925,9.35568
924,9.35714
923,9.35861
922,9.36009
921,9.36156
920,9.36304
919,9.36453
918,9.3671
917,9.36859
916,9.37009
915,9.37268
914,9.37418
913,9.37678
912,9.37829
911,9.3798
910,9.38132
909,9.38284
908,9.38436
907,9.38589
906,9.38742
905,9.38895
904,9.39049
903,9.39203
902,9.39357
901,9.39623
900,9.39889
899,9.40044
898,9.402
897,9.40468
896,9.40737
895,9.41006
894,9.41387
893,9.41657
892,9.41816
891,9.41975
890,9.42135
889,9.42295
888,9.42455
887,9.42616
886,9.42777
885,9.42938
884,9.431
883,9.43262
882,9.43424
881,9.43587
880,9.4375
879,9.44027
878,9.44191
877,9.44356
876,9.44521
875,9.44686
874,9.44851
873,9.45017
872,9.45298
871,9.4558
870,9.45977
869,9.4649
868,9.4712
867,9.47866
866,9.4873
865,9.49595
864,9.50579
863,9.50753
862,9.50928
861,9.5122
860,9.51395
859,9.51572
858,9.51748
857,9.52042
856,9.5222
855,9.52281
854,9.52342
853,9.52403
852,9.52465
851,9.52644
850,9.52824
849,9.53004
848,9.53302
847,9.53601
846,9.53901
845,9.5432
844,9.54739
843,9.54923
842,9.55107
841,9.55291
840,9.55357
839,9.55423
838,9.55489
837,9.55675
836,9.55861
835,9.56048
834,9.56235
833,9.56303
832,9.5637
831,9.56558
830,9.56747
829,9.56815
828,9.56884
827,9.56953
826,9.57143
825,9.57212
824,9.57282
823,9.57351
822,9.57421
821,9.57491
820,9.57561
819,9.57631
818,9.57702
817,9.57772
816,9.57843
815,9.57914
814,9.58108
813,9.5818
812,9.58251
811,9.58323
810,9.58395
809,9.58467
808,9.58663
807,9.5886
806,9.58933
805,9.59006
804,9.5908
803,9.59153
802,9.59352
801,9.59426
800,9.595
799,9.59574
798,9.59774
797,9.59849
796,9.6005
795,9.60252
794,9.60453
793,9.60656
792,9.60732
791,9.60936
790,9.61139
789,9.61343
788,9.61675
787,9.62135
786,9.62468
785,9.62803
784,9.63138
783,9.63602
782,9.64194
781,9.64661
780,9.65128
779,9.65725
778,9.66452
777,9.67181
776,9.67397
775,9.67613
774,9.677
773,9.67917
772,9.68005
771,9.68093
770,9.68312
769,9.68401
768,9.6849
767,9.68579
766,9.68799
765,9.6902
764,9.69241
763,9.69332
762,9.69554
761,9.69645
760,9.69737
759,9.69829
758,9.69921
757,9.70145
756,9.7037
755,9.70464
754,9.70557
753,9.70651
752,9.70745
751,9.70972
750,9.712
749,9.71295
748,9.7139
747,9.71486
746,9.71582
745,9.71812
744,9.72043
743,9.72275
742,9.72507
741,9.7274
740,9.72838
739,9.73072
738,9.73306
737,9.73406
736,9.73505
735,9.73605
734,9.73842
733,9.73943
732,9.74044
731,9.74282
730,9.74384
729,9.74486
728,9.74588
727,9.74691
726,9.74793
725,9.75034
724,9.75138
723,9.75242
722,9.75346
721,9.75451
720,9.75556
719,9.75661
718,9.75766
717,9.76011
716,9.76117
715,9.76224
714,9.76331
713,9.76438
712,9.76545
711,9.76653
710,9.76761
709,9.76869
708,9.76977
707,9.77086
706,9.77337
705,9.77589
704,9.77983
703,9.78236
702,9.7849
701,9.78887
700,9.79286
699,9.79828
698,9.80372
697,9.80918
696,9.81609
695,9.82302
694,9.82997
693,9.83838
692,9.84827
691,9.85818
690,9.86232
689,9.86647
688,9.86919
687,9.87045
686,9.87172
685,9.87299
684,9.87427
683,9.87555
682,9.8783
681,9.87959
680,9.88235
679,9.88365
678,9.88496
677,9.88774
676,9.88905
675,9.89037
674,9.89169
673,9.8945
672,9.89732
671,9.89866
670,9.9
669,9.90284
668,9.90569
667,9.90705
666,9.90841
665,9.90977
664,9.91114
663,9.91252
662,9.91541
661,9.91679
660,9.91818
659,9.91958
658,9.92097
657,9.92237
656,9.92378
655,9.92519
654,9.92661
653,9.92802
652,9.92945
651,9.93088
650,9.93385
649,9.93683
648,9.93981
647,9.94281
646,9.94737
645,9.95039
644,9.95497
643,9.95645
642,9.95794
641,9.95944
640,9.96094
639,9.96244
638,9.96395
637,9.96703
636,9.96855
635,9.97008
634,9.97161
633,9.97314
632,9.97468
631,9.97623
630,9.97778
629,9.97933
628,9.98089
627,9.98246
626,9.98403
625,9.9856
624,9.98878
623,9.99037
622,9.99196
621,9.99356
620,9.99516
619,9.99677
618,9.99838
617,10
616,10.0016
615,10.0033
614,10.0049
613,10.0065
612,10.0082
611,10.0098
610,10.0115
609,10.0131
608,10.0148
607,10.0165
606,10.0182
605,10.0182
604,10.0182
603,10.0199
602,10.0233
601,10.0233
600,10.025
599,10.0267
598,10.0284
597,10.0318
596,10.0336
595,10.0353
594,10.037
593,10.0388
592,10.0389
591,10.0389
590,10.039
589,10.039
588,10.0391
587,10.0392
586,10.0392
585,10.0393
584,10.0411
583,10.0412
582,10.0412
581,10.0413
580,10.0414
579,10.0415
578,10.0433
577,10.0451
576,10.0486
575,10.0487
574,10.0505
573,10.0524
572,10.0524
571,10.0543
570,10.0561
569,10.0598
568,10.0616
567,10.0635
566,10.0654
565,10.069
564,10.0727
563,10.0746
562,10.0765
561,10.0766
560,10.0786
559,10.0805
558,10.0824
557,10.0826
556,10.0827
555,10.0829
554,10.083
553,10.0832
552,10.0851
551,10.0871
550,10.0909
549,10.0947
548,10.0967
547,10.0987
546,10.1007
545,10.1028
544,10.1048
543,10.1068
542,10.1089
541,10.1109
540,10.113
539,10.115
538,10.119
537,10.121
536,10.1231
535,10.1252
534,10.1255
533,10.1257
532,10.1259
531,10.1281
530,10.1302
529,10.1304
528,10.1326
527,10.1347
526,10.1369
525,10.139
524,10.1393
523,10.1396
522,10.1418
521,10.144
520,10.1462
519,10.1484
518,10.1506
517,10.1547
516,10.157
515,10.1592
514,10.1634
513,10.1657
512,10.1699
511,10.1742
510,10.1784
509,10.1807
508,10.1831
507,10.1854
506,10.1877
505,10.1901
504,10.1925
503,10.1968
502,10.1992
501,10.2016
500,10.206
499,10.2104
498,10.2149
497,10.2193
496,10.2238
495,10.2283
494,10.2348
493,10.2394
492,10.2439
491,10.2505
490,10.2571
489,10.2638
488,10.2705
487,10.2772
486,10.286
485,10.2887
484,10.2913
483,10.294
482,10.2967
481,10.2994
480,10.3021
479,10.3048
478,10.3075
477,10.3103
476,10.313
475,10.3137
474,10.3143
473,10.315
472,10.3157
471,10.3163
470,10.317
469,10.3177
468,10.3205
467,10.3233
466,10.3283
465,10.3312
464,10.3341
463,10.3369
462,10.342
461,10.3471
460,10.35
459,10.3529
458,10.3559
457,10.3589
456,10.3596
455,10.3604
454,10.3612
453,10.3642
452,10.3673
451,10.3703
450,10.3711
449,10.3719
448,10.3728
447,10.3736
446,10.3744
445,10.3753
444,10.3784
443,10.3792
442,10.3801
441,10.381
440,10.3818
439,10.3827
438,10.3836
437,10.3844
436,10.3853
435,10.3885
434,10.3917
433,10.3926
432,10.3935
431,10.3944
430,10.3977
429,10.4009
428,10.4065
427,10.4122
426,10.4155
425,10.4212
424,10.4269
423,10.435
422,10.4455
421,10.4584
420,10.4738
419,10.4916
418,10.512
417,10.5348
416,10.5601
415,10.5614
414,10.5628
413,10.5642
412,10.568
411,10.5718
410,10.578
409,10.5844
408,10.5907
407,10.5995
406,10.601
405,10.6049
404,10.6064
403,10.6104
402,10.6119
401,10.616
400,10.6225
399,10.6266
398,10.6307
397,10.6348
396,10.6414
395,10.6481
394,10.6548
393,10.659
392,10.6633
391,10.665
390,10.6667
389,10.6684
388,10.6701
387,10.6718
386,10.6762
385,10.6779
384,10.6797
383,10.6815
382,10.6832
381,10.685
380,10.6868
379,10.6887
378,10.6905
377,10.6923
376,10.6941
375,10.696
374,10.6979
373,10.6997
372,10.7016
371,10.7035
370,10.7054
369,10.7073
368,10.7092
367,10.7112
366,10.7158
365,10.7205
364,10.7253
363,10.7328
362,10.7403
361,10.7507
360,10.7583
359,10.766
358,10.7682
357,10.7703
356,10.7725
355,10.7775
354,10.7797
353,10.7819
352,10.7841
351,10.7863
350,10.7886
349,10.7908
348,10.7931
346,10.7948
345,10.7971
344,10.7994
342,10.8012
341,10.8035
340,10.8059
339,10.8083
338,10.8136
337,10.822
336,10.8333
335,10.8448
334,10.8593
333,10.8769
332,10.8976
331,10.9215
330,10.9455
329,10.9726
328,11.003
327,11.0092
326,11.0123
325,11.0123
324,11.0154
323,11.0155
322,11.0155
321,11.0156
320,11.0156
319,11.0157
318,11.0189
317,11.0189
316,11.019
315,11.019
314,11.0191
313,11.0192
312,11.0192
311,11.0193
310,11.0194
309,11.0194
308,11.0195
307,11.0195
306,11.0196
305,11.0197
304,11.0197
303,11.0198
302,11.0232
301,11.0233
300,11.0267
299,11.0301
298,11.0369
297,11.0438
296,11.0473
295,11.0542
294,11.0612
293,11.0717
292,11.0856
291,11.1031
290,11.1241
289,11.1488
288,11.1771
287,11.2056
286,11.2378
285,11.2667
284,11.2746
283,11.2792
282,11.2837
281,11.2883
280,11.2893
279,11.2939
278,11.295
277,11.296
276,11.2971
275,11.2982
274,11.2993
273,11.3004
272,11.3015
271,11.3063
270,11.3074
269,11.3086
268,11.3097
267,11.3109
266,11.312
265,11.317
264,11.3182
263,11.3194
262,11.3206
261,11.3218
260,11.3231
259,11.3282
258,11.3333
257,11.3385
256,11.3438
255,11.349
254,11.3543
253,11.3557
252,11.3571
251,11.3625
250,11.364
249,11.3655
248,11.371
247,11.3765
246,11.3821
245,11.3878
244,11.3934
243,11.4033
242,11.4091
241,11.4191
240,11.4292
239,11.4351
238,11.437
237,11.4388
236,11.4407
235,11.4426
234,11.4444
233,11.4464
232,11.4483
231,11.4545
230,11.4609
229,11.4672
228,11.4693
227,11.4714
226,11.4735
225,11.4756
224,11.4821
197,11.4822
196,11.4847
195,11.4872
194,11.4948
193,11.5078
192,11.5156
191,11.5236
190,11.5263
189,11.5291
188,11.5372
187,11.5401
186,11.5484
185,11.5568
184,11.5652
183,11.5792
182,11.5934
181,11.6077
180,11.6278
179,11.648
178,11.6685
177,11.6949
176,11.7216
175,11.7543
174,11.7874
173,11.8266
172,11.8721
171,11.924
170,11.9824
169,12.0414
168,12.1071
167,12.1078
166,12.1084
165,12.1152
164,12.122
163,12.1227
162,12.1235
161,12.1242
160,12.1312
159,12.1384
158,12.1519
157,12.1592
156,12.1667
155,12.1806
154,12.2013
153,12.2288
152,12.2632
151,12.3046
150,12.3533
149,12.4094
148,12.4662
147,12.5306
146,12.6027
145,12.6621
144,12.6667
143,12.6783
142,12.6831
141,12.6879
140,12.6929
139,12.705
138,12.7174
137,12.7299
136,12.75
135,12.7778
134,12.806
133,12.8421
132,12.8864
131,12.9389
130,13
129,13.0698
128,13.1484
127,13.2362
126,13.3333
125,13.424
124,13.4274
123,13.439
122,13.4508
121,13.4545
120,13.4583
119,13.4706
118,13.4746
117,13.4786
116,13.4828
115,13.487
69,13.4928
68,13.5882
67,13.7015
66,13.8333
65,13.9846
64,14.1562
63,14.3492
62,14.5645
61,14.8033
